date,time,action,strategy,product,code,option_type,strike,expiry,price,quantity,fee,pnl,nav,iv_residual
2026-01-06,vwap,open_buy,S3,lc,GFEX.lc2603-P-122000,P,122000.0,2026-02-06,4810.0,8,0.0,0.0,10000000.0,0.0
2026-01-06,vwap,open_sell,S3,lc,GFEX.lc2603-P-118000,P,118000.0,2026-02-06,2340.0,16,0.0,0.0,10000000.0,-0.0261
2026-01-06,vwap,open_buy,S3,lc,GFEX.lc2603-C-134000,C,134000.0,2026-02-06,8371.0,6,0.0,0.0,10000000.0,0.0
2026-01-06,vwap,open_sell,S3,lc,GFEX.lc2603-C-138000,C,138000.0,2026-02-06,6699.7354,12,0.0,0.0,10000000.0,0.0278
2026-01-06,vwap,open_sell,S1,lc,GFEX.lc2603-P-110000,P,110000.0,2026-02-06,1122.5,24,0.0,0.0,10000000.0,-0.0104
2026-01-06,vwap,open_buy,S1,lc,GFEX.lc2603-P-116000,P,116000.0,2026-02-06,2204.2857,12,0.0,0.0,10000000.0,0.0
2026-01-06,vwap,open_buy,S4,lc,GFEX.lc2603-P-72000,P,72000.0,2026-02-06,20.0,5,0.0,0.0,10000000.0,0.0
2026-01-06,vwap,open_buy,S4,lc,GFEX.lc2603-C-146000,C,146000.0,2026-02-06,4540.5122,1,0.0,0.0,10000000.0,0.0
2026-01-06,vwap,open_buy,S3,v,DCE.v2602-P-4400,P,4400.0,2026-01-20,10.5238,56,0.0,0.0,10000000.0,0.0
2026-01-06,vwap,open_sell,S3,v,DCE.v2602-P-4250,P,4250.0,2026-01-20,2.0,168,0.0,0.0,10000000.0,-0.0079
2026-01-06,vwap,open_buy,S3,v,DCE.v2602-C-4850,C,4850.0,2026-01-20,14.6656,79,0.0,0.0,10000000.0,0.0
2026-01-06,vwap,open_sell,S3,v,DCE.v2602-C-4950,C,4950.0,2026-01-20,9.26,158,0.0,0.0,10000000.0,0.0207
2026-01-06,vwap,open_sell,S1,v,DCE.v2602-P-4400,P,4400.0,2026-01-20,9.5238,162,0.0,0.0,10000000.0,-0.019
2026-01-06,vwap,open_buy,S1,v,DCE.v2602-P-4500,P,4500.0,2026-01-20,31.8038,81,0.0,0.0,10000000.0,0.0
2026-01-06,vwap,open_sell,S1,v,DCE.v2602-C-4850,C,4850.0,2026-01-20,13.6656,152,0.0,0.0,10000000.0,0.0058
2026-01-06,vwap,open_buy,S1,v,DCE.v2602-C-4750,C,4750.0,2026-01-20,25.2088,76,0.0,0.0,10000000.0,0.0
2026-01-06,vwap,open_buy,S4,v,DCE.v2602-P-3850,P,3850.0,2026-01-20,1.0,5,0.0,0.0,10000000.0,0.0
2026-01-06,vwap,open_buy,S4,v,DCE.v2602-C-6200,C,6200.0,2026-01-20,1.5513,5,0.0,0.0,10000000.0,0.0
2026-01-06,vwap,open_buy,S3,si,GFEX.si2603-P-8300,P,8300.0,2026-02-06,101.0,41,0.0,0.0,10000000.0,0.0
2026-01-06,vwap,open_sell,S3,si,GFEX.si2603-P-8000,P,8000.0,2026-02-06,39.0,82,0.0,0.0,10000000.0,-0.0017
2026-01-06,vwap,open_buy,S3,si,GFEX.si2603-C-9200,C,9200.0,2026-02-06,133.0,31,0.0,0.0,10000000.0,0.0
2026-01-06,vwap,open_sell,S3,si,GFEX.si2603-C-9400,C,9400.0,2026-02-06,96.0,62,0.0,0.0,10000000.0,0.0102
2026-01-06,vwap,open_sell,S1,si,GFEX.si2603-P-8000,P,8000.0,2026-02-06,39.0,83,0.0,0.0,10000000.0,-0.0017
2026-01-06,vwap,open_buy,S1,si,GFEX.si2603-P-8300,P,8300.0,2026-02-06,101.0,41,0.0,0.0,10000000.0,0.0
2026-01-06,vwap,open_sell,S1,si,GFEX.si2603-C-10000,C,10000.0,2026-02-06,24.0,77,0.0,0.0,10000000.0,-0.0102
2026-01-06,vwap,open_buy,S1,si,GFEX.si2603-C-9300,C,9300.0,2026-02-06,103.0,38,0.0,0.0,10000000.0,0.0
2026-01-06,vwap,open_buy,S4,si,GFEX.si2603-P-8000,P,8000.0,2026-02-06,41.0,5,0.0,0.0,10000000.0,0.0
2026-01-06,vwap,open_buy,S4,si,GFEX.si2603-C-12000,C,12000.0,2026-02-06,11.0,5,0.0,0.0,10000000.0,0.0
2026-01-06,vwap,open_buy,S3,p,DCE.p2602-P-8100,P,8100.0,2026-01-20,15.7471,15,0.0,0.0,10000000.0,0.0
2026-01-06,vwap,open_sell,S3,p,DCE.p2602-P-7800,P,7800.0,2026-01-20,4.4038,45,0.0,0.0,10000000.0,0.0115
2026-01-06,vwap,open_buy,S3,p,DCE.p2602-C-8900,C,8900.0,2026-01-20,17.6454,22,0.0,0.0,10000000.0,0.0
2026-01-06,vwap,open_sell,S3,p,DCE.p2602-C-9100,C,9100.0,2026-01-20,6.2679,44,0.0,0.0,10000000.0,-0.0009
2026-01-06,vwap,open_sell,S1,p,DCE.p2602-P-8100,P,8100.0,2026-01-20,14.7471,43,0.0,0.0,10000000.0,0.0028
2026-01-06,vwap,open_buy,S1,p,DCE.p2602-P-8200,P,8200.0,2026-01-20,24.4546,21,0.0,0.0,10000000.0,0.0
2026-01-06,vwap,open_sell,S1,p,DCE.p2602-C-8900,C,8900.0,2026-01-20,16.6454,44,0.0,0.0,10000000.0,-0.0065
2026-01-06,vwap,open_buy,S1,p,DCE.p2602-C-8700,C,8700.0,2026-01-20,49.4285,22,0.0,0.0,10000000.0,0.0
2026-01-06,vwap,open_buy,S4,p,DCE.p2602-P-7200,P,7200.0,2026-01-20,1.5,5,0.0,0.0,10000000.0,0.0
2026-01-06,vwap,open_buy,S4,p,DCE.p2602-C-10400,C,10400.0,2026-01-20,1.0,5,0.0,0.0,10000000.0,0.0
2026-01-06,vwap,open_buy,S3,eb,DCE.eb2602-P-6400,P,6400.0,2026-01-20,10.8704,56,0.0,0.0,10000000.0,0.0
2026-01-06,vwap,open_sell,S3,eb,DCE.eb2602-P-6300,P,6300.0,2026-01-20,5.5,112,0.0,0.0,10000000.0,-0.0162
2026-01-06,vwap,open_buy,S3,eb,DCE.eb2602-C-7100,C,7100.0,2026-01-20,30.1162,53,0.0,0.0,10000000.0,0.0
2026-01-06,vwap,open_sell,S3,eb,DCE.eb2602-C-7300,C,7300.0,2026-01-20,15.5,106,0.0,0.0,10000000.0,0.0199
2026-01-06,vwap,open_sell,S1,eb,DCE.eb2602-P-6500,P,6500.0,2026-01-20,19.0995,107,0.0,0.0,10000000.0,-0.0368
2026-01-06,vwap,open_buy,S1,eb,DCE.eb2602-P-6600,P,6600.0,2026-01-20,39.5933,53,0.0,0.0,10000000.0,0.0
2026-01-06,vwap,open_sell,S1,eb,DCE.eb2602-C-7200,C,7200.0,2026-01-20,21.0181,103,0.0,0.0,10000000.0,0.0112
2026-01-06,vwap,open_buy,S1,eb,DCE.eb2602-C-7100,C,7100.0,2026-01-20,30.1162,51,0.0,0.0,10000000.0,0.0
2026-01-06,vwap,open_buy,S4,eb,DCE.eb2602-P-5600,P,5600.0,2026-01-20,1.5,5,0.0,0.0,10000000.0,0.0
2026-01-06,vwap,open_buy,S4,eb,DCE.eb2602-C-9000,C,9000.0,2026-01-20,1.5,5,0.0,0.0,10000000.0,0.0
2026-01-06,vwap,open_buy,S3,i,DCE.i2602-P-770,P,770.0,2026-01-20,1.9206,24,0.0,0.0,10000000.0,0.0
2026-01-06,vwap,open_sell,S3,i,DCE.i2602-P-750,P,750.0,2026-01-20,0.6,48,0.0,0.0,10000000.0,0.0006
2026-01-06,vwap,open_buy,S3,i,DCE.i2602-C-850,C,850.0,2026-01-20,1.6098,23,0.0,0.0,10000000.0,0.0
2026-01-06,vwap,open_sell,S3,i,DCE.i2602-C-870,C,870.0,2026-01-20,0.4632,46,0.0,0.0,10000000.0,-0.0025
2026-01-06,vwap,open_sell,S1,i,DCE.i2602-P-770,P,770.0,2026-01-20,1.7206,45,0.0,0.0,10000000.0,-0.0029
2026-01-06,vwap,open_buy,S1,i,DCE.i2602-P-780,P,780.0,2026-01-20,3.3,22,0.0,0.0,10000000.0,0.0
2026-01-06,vwap,open_sell,S1,i,DCE.i2602-C-850,C,850.0,2026-01-20,1.4098,45,0.0,0.0,10000000.0,-0.0055
2026-01-06,vwap,open_buy,S1,i,DCE.i2602-C-830,C,830.0,2026-01-20,3.6667,22,0.0,0.0,10000000.0,0.0
2026-01-06,vwap,open_buy,S4,i,DCE.i2602-P-600,P,600.0,2026-01-20,0.2,5,0.0,0.0,10000000.0,0.0
2026-01-06,vwap,open_buy,S4,i,DCE.i2602-C-920,C,920.0,2026-01-20,0.3,5,0.0,0.0,10000000.0,0.0
2026-01-06,vwap,open_buy,S3,ps,GFEX.ps2603-P-56000,P,56000.0,2026-02-06,361.451,9,0.0,0.0,10000000.0,0.0
2026-01-06,vwap,open_sell,S3,ps,GFEX.ps2603-P-53000,P,53000.0,2026-02-06,206.1667,18,0.0,0.0,10000000.0,0.0439
2026-01-06,vwap,open_buy,S3,ps,GFEX.ps2603-C-62000,C,62000.0,2026-02-06,999.0,8,0.0,0.0,10000000.0,0.0
2026-01-06,vwap,open_sell,S3,ps,GFEX.ps2603-C-65000,C,65000.0,2026-02-06,891.3788,16,0.0,0.0,10000000.0,-0.0099
2026-01-06,vwap,open_sell,S1,ps,GFEX.ps2603-P-53000,P,53000.0,2026-02-06,206.1667,18,0.0,0.0,10000000.0,0.0439
2026-01-06,vwap,open_buy,S1,ps,GFEX.ps2603-P-55000,P,55000.0,2026-02-06,305.2833,9,0.0,0.0,10000000.0,0.0
2026-01-06,vwap,open_sell,S1,ps,GFEX.ps2603-C-68000,C,68000.0,2026-02-06,649.0,17,0.0,0.0,10000000.0,0.0215
2026-01-06,vwap,open_buy,S1,ps,GFEX.ps2603-C-65000,C,65000.0,2026-02-06,893.3788,8,0.0,0.0,10000000.0,0.0
2026-01-06,vwap,open_buy,S4,ps,GFEX.ps2603-P-28000,P,28000.0,2026-02-06,2.0,5,0.0,0.0,10000000.0,0.0
2026-01-06,vwap,open_buy,S4,ps,GFEX.ps2603-C-70000,C,70000.0,2026-02-06,547.8628,1,0.0,0.0,10000000.0,0.0
2026-01-06,vwap,open_buy,S3,jd,DCE.jd2602-P-2800,P,2800.0,2026-01-20,5.5046,64,0.0,0.0,10000000.0,0.0
2026-01-06,vwap,open_sell,S3,jd,DCE.jd2602-P-2750,P,2750.0,2026-01-20,1.9041,128,0.0,0.0,10000000.0,0.0004
2026-01-06,vwap,open_buy,S3,jd,DCE.jd2602-C-3100,C,3100.0,2026-01-20,15.7385,62,0.0,0.0,10000000.0,0.0
2026-01-06,vwap,open_sell,S3,jd,DCE.jd2602-C-3200,C,3200.0,2026-01-20,5.1722,124,0.0,0.0,10000000.0,0.0126
2026-01-06,vwap,open_sell,S1,jd,DCE.jd2602-P-2800,P,2800.0,2026-01-20,4.5046,122,0.0,0.0,10000000.0,0.0071
2026-01-06,vwap,open_buy,S1,jd,DCE.jd2602-P-2850,P,2850.0,2026-01-20,7.4087,61,0.0,0.0,10000000.0,0.0
2026-01-06,vwap,open_sell,S1,jd,DCE.jd2602-C-3150,C,3150.0,2026-01-20,8.1731,121,0.0,0.0,10000000.0,0.0103
2026-01-06,vwap,open_buy,S1,jd,DCE.jd2602-C-3100,C,3100.0,2026-01-20,15.7385,60,0.0,0.0,10000000.0,0.0
2026-01-06,vwap,open_buy,S4,jd,DCE.jd2602-P-2600,P,2600.0,2026-01-20,1.0,5,0.0,0.0,10000000.0,0.0
2026-01-06,vwap,open_buy,S4,jd,DCE.jd2602-C-3700,C,3700.0,2026-01-20,1.3073,5,0.0,0.0,10000000.0,0.0
2026-01-06,vwap,open_buy,S3,pg,DCE.pg2602-P-3950,P,3950.0,2026-01-20,6.7333,23,0.0,0.0,10000000.0,0.0
2026-01-06,vwap,open_sell,S3,pg,DCE.pg2602-P-3850,P,3850.0,2026-01-20,2.4,46,0.0,0.0,10000000.0,0.0011
2026-01-06,vwap,open_buy,S3,pg,DCE.pg2602-C-4400,C,4400.0,2026-01-20,15.737,21,0.0,0.0,10000000.0,0.0
2026-01-06,vwap,open_sell,S3,pg,DCE.pg2602-C-4500,C,4500.0,2026-01-20,9.5364,42,0.0,0.0,10000000.0,0.0121
2026-01-06,vwap,open_sell,S1,pg,DCE.pg2602-P-4000,P,4000.0,2026-01-20,9.9673,43,0.0,0.0,10000000.0,-0.0119
2026-01-06,vwap,open_buy,S1,pg,DCE.pg2602-P-4050,P,4050.0,2026-01-20,18.6147,21,0.0,0.0,10000000.0,0.0
2026-01-06,vwap,open_sell,S1,pg,DCE.pg2602-C-4450,C,4450.0,2026-01-20,12.5925,42,0.0,0.0,10000000.0,0.015
2026-01-06,vwap,open_buy,S1,pg,DCE.pg2602-C-4350,C,4350.0,2026-01-20,20.7034,21,0.0,0.0,10000000.0,0.0
2026-01-06,vwap,open_buy,S4,pg,DCE.pg2602-P-3450,P,3450.0,2026-01-20,0.8,5,0.0,0.0,10000000.0,0.0
2026-01-06,vwap,open_buy,S4,pg,DCE.pg2602-C-4900,C,4900.0,2026-01-20,3.159,5,0.0,0.0,10000000.0,0.0
2026-01-06,vwap,open_buy,S3,eg,DCE.eg2602-P-3450,P,3450.0,2026-01-20,3.5,36,0.0,0.0,10000000.0,0.0
2026-01-06,vwap,open_sell,S3,eg,DCE.eg2602-P-3300,P,3300.0,2026-01-20,0.5,108,0.0,0.0,10000000.0,0.0381
2026-01-06,vwap,open_buy,S3,eg,DCE.eg2602-C-3850,C,3850.0,2026-01-20,8.7,50,0.0,0.0,10000000.0,0.0
2026-01-06,vwap,open_sell,S3,eg,DCE.eg2602-C-3900,C,3900.0,2026-01-20,6.0,100,0.0,0.0,10000000.0,0.0039
2026-01-06,vwap,open_sell,S1,eg,DCE.eg2602-P-3500,P,3500.0,2026-01-20,5.9512,102,0.0,0.0,10000000.0,-0.0259
2026-01-06,vwap,open_buy,S1,eg,DCE.eg2602-P-3550,P,3550.0,2026-01-20,14.7727,51,0.0,0.0,10000000.0,0.0
2026-01-06,vwap,open_sell,S1,eg,DCE.eg2602-C-3850,C,3850.0,2026-01-20,7.7,98,0.0,0.0,10000000.0,-0.0002
2026-01-06,vwap,open_buy,S1,eg,DCE.eg2602-C-3750,C,3750.0,2026-01-20,16.6223,49,0.0,0.0,10000000.0,0.0
2026-01-06,vwap,open_buy,S4,eg,DCE.eg2602-P-3250,P,3250.0,2026-01-20,1.0,5,0.0,0.0,10000000.0,0.0
2026-01-06,vwap,open_buy,S4,eg,DCE.eg2602-C-5200,C,5200.0,2026-01-20,1.3478,5,0.0,0.0,10000000.0,0.0
2026-01-06,vwap,open_buy,S3,pp,DCE.pp2602-P-5900,P,5900.0,2026-01-20,3.5,63,0.0,0.0,10000000.0,0.0
2026-01-06,vwap,open_sell,S3,pp,DCE.pp2602-P-5700,P,5700.0,2026-01-20,0.5,126,0.0,0.0,10000000.0,0.0197
2026-01-06,vwap,open_buy,S3,pp,DCE.pp2602-C-6500,C,6500.0,2026-01-20,14.31,61,0.0,0.0,10000000.0,0.0
2026-01-06,vwap,open_sell,S3,pp,DCE.pp2602-C-6700,C,6700.0,2026-01-20,6.0,122,0.0,0.0,10000000.0,0.0175
2026-01-06,vwap,open_sell,S1,pp,DCE.pp2602-P-6000,P,6000.0,2026-01-20,5.5,123,0.0,0.0,10000000.0,-0.0346
2026-01-06,vwap,open_buy,S1,pp,DCE.pp2602-P-6100,P,6100.0,2026-01-20,15.1066,61,0.0,0.0,10000000.0,0.0
2026-01-06,vwap,open_sell,S1,pp,DCE.pp2602-C-6500,C,6500.0,2026-01-20,13.31,116,0.0,0.0,10000000.0,0.0047
2026-01-06,vwap,open_buy,S1,pp,DCE.pp2602-C-6400,C,6400.0,2026-01-20,22.9251,58,0.0,0.0,10000000.0,0.0
2026-01-06,vwap,open_buy,S4,pp,DCE.pp2602-P-5500,P,5500.0,2026-01-20,1.0,5,0.0,0.0,10000000.0,0.0
2026-01-06,vwap,open_buy,S4,pp,DCE.pp2602-C-8200,C,8200.0,2026-01-20,1.0,5,0.0,0.0,10000000.0,0.0
2026-01-06,vwap,open_buy,S3,l,DCE.l2602-P-6000,P,6000.0,2026-01-20,4.5,61,0.0,0.0,10000000.0,0.0
2026-01-06,vwap,open_sell,S3,l,DCE.l2602-P-5900,P,5900.0,2026-01-20,2.0,122,0.0,0.0,10000000.0,0.0095
2026-01-06,vwap,open_buy,S3,l,DCE.l2602-C-6700,C,6700.0,2026-01-20,12.5,60,0.0,0.0,10000000.0,0.0
2026-01-06,vwap,open_sell,S3,l,DCE.l2602-C-6900,C,6900.0,2026-01-20,5.5,120,0.0,0.0,10000000.0,0.0146
2026-01-06,vwap,open_sell,S1,l,DCE.l2602-P-6100,P,6100.0,2026-01-20,8.1053,117,0.0,0.0,10000000.0,-0.0094
2026-01-06,vwap,open_buy,S1,l,DCE.l2602-P-6200,P,6200.0,2026-01-20,20.9748,58,0.0,0.0,10000000.0,0.0
2026-01-06,vwap,open_sell,S1,l,DCE.l2602-C-6700,C,6700.0,2026-01-20,11.5,116,0.0,0.0,10000000.0,0.0055
2026-01-06,vwap,open_buy,S1,l,DCE.l2602-C-6600,C,6600.0,2026-01-20,19.9024,58,0.0,0.0,10000000.0,0.0
2026-01-06,vwap,open_buy,S4,l,DCE.l2602-P-5600,P,5600.0,2026-01-20,1.0,5,0.0,0.0,10000000.0,0.0
2026-01-06,vwap,open_buy,S4,l,DCE.l2602-C-8600,C,8600.0,2026-01-20,1.5,5,0.0,0.0,10000000.0,0.0
2026-01-06,vwap,open_buy,S3,b,DCE.b2602-P-3600,P,3600.0,2026-01-20,2.0,34,0.0,0.0,10000000.0,0.0
2026-01-06,vwap,open_sell,S3,b,DCE.b2602-P-3300,P,3300.0,2026-01-20,0.0,102,0.0,0.0,10000000.0,-0.0035
2026-01-06,vwap,open_buy,S3,b,DCE.b2602-C-4000,C,4000.0,2026-01-20,3.0,52,0.0,0.0,10000000.0,0.0
2026-01-06,vwap,open_sell,S1,b,DCE.b2602-P-3650,P,3650.0,2026-01-20,3.5,100,0.0,0.0,10000000.0,0.0064
2026-01-06,vwap,open_buy,S1,b,DCE.b2602-P-3700,P,3700.0,2026-01-20,9.6,50,0.0,0.0,10000000.0,0.0
2026-01-06,vwap,open_sell,S1,b,DCE.b2602-C-3950,C,3950.0,2026-01-20,3.1,101,0.0,0.0,10000000.0,0.002
2026-01-06,vwap,open_buy,S1,b,DCE.b2602-C-3900,C,3900.0,2026-01-20,6.6481,50,0.0,0.0,10000000.0,0.0
2026-01-06,vwap,open_buy,S4,b,DCE.b2602-P-3300,P,3300.0,2026-01-20,1.0,5,0.0,0.0,10000000.0,0.0
2026-01-06,vwap,open_buy,S4,b,DCE.b2602-C-4300,C,4300.0,2026-01-20,1.0,5,0.0,0.0,10000000.0,0.0
2026-01-06,00:00,greeks_breach_delta,S3,ps,GFEX.ps2603-C-65000,C,65000.0,2026-02-06,892.3788,16,96.0,-48.0,10000000.0,-0.0099
2026-01-06,10:00,greeks_breach_delta,S3,lc,GFEX.lc2603-C-138000,C,138000.0,2026-02-06,8010.0,12,72.0,-15723.17,10000000.0,0.0278
2026-01-06,11:00,stop_profit_s3,S3,lc,GFEX.lc2603-P-122000,P,122000.0,2026-02-06,2980.0,8,48.0,-14640.0,10000000.0,0.0
2026-01-06,11:00,stop_profit_s3,S3,lc,GFEX.lc2603-P-118000,P,118000.0,2026-02-06,1610.0,16,96.0,11680.0,10000000.0,-0.0261
2026-01-06,11:15,stop_profit_s3,S3,si,GFEX.si2603-P-8300,P,8300.0,2026-02-06,100.0,41,246.0,-205.0,10000000.0,0.0
2026-01-06,11:15,stop_profit_s3,S3,si,GFEX.si2603-P-8000,P,8000.0,2026-02-06,22.0,82,492.0,6970.0,10000000.0,-0.0017
2026-01-06,11:15,stop_profit_s1,S1,si,GFEX.si2603-P-8000,P,8000.0,2026-02-06,22.0,83,498.0,7055.0,10000000.0,-0.0017
2026-01-06,11:15,stop_profit_s1,S1,si,GFEX.si2603-P-8300,P,8300.0,2026-02-06,100.0,41,246.0,-205.0,10000000.0,0.0
2026-01-06,21:14,greeks_breach_delta,S1,v,DCE.v2602-C-4850,C,4850.0,2026-01-20,32.0,152,912.0,-13934.13,10000000.0,0.0058
2026-01-06,21:44,stop_profit_s3,S3,eb,DCE.eb2602-P-6400,P,6400.0,2026-01-20,4.5,56,336.0,-1783.7,10000000.0,0.0
2026-01-06,21:44,stop_profit_s3,S3,eb,DCE.eb2602-P-6300,P,6300.0,2026-01-20,3.0,112,672.0,1400.0,10000000.0,-0.0162
2026-01-06,21:44,stop_profit_s1,S1,eb,DCE.eb2602-P-6500,P,6500.0,2026-01-20,9.5,107,642.0,5135.74,10000000.0,-0.0368
2026-01-06,21:44,stop_profit_s1,S1,eb,DCE.eb2602-P-6600,P,6600.0,2026-01-20,21.0,53,318.0,-4927.23,10000000.0,0.0
2026-01-06,21:44,stop_profit_s1,S1,l,DCE.l2602-P-6100,P,6100.0,2026-01-20,4.0,117,702.0,2401.58,10000000.0,-0.0094
2026-01-06,21:44,stop_profit_s1,S1,l,DCE.l2602-P-6200,P,6200.0,2026-01-20,7.0,58,348.0,-4052.69,10000000.0,0.0
2026-01-06,22:14,stop_profit_s1,S1,i,DCE.i2602-P-770,P,770.0,2026-01-20,1.0,45,270.0,3242.65,10000000.0,-0.0029
2026-01-06,22:14,stop_profit_s1,S1,i,DCE.i2602-P-780,P,780.0,2026-01-20,1.3,22,132.0,-4400.0,10000000.0,0.0
2026-01-06,22:44,greeks_breach_delta,S1,eg,DCE.eg2602-C-3850,C,3850.0,2026-01-20,27.5,98,588.0,-19404.0,10000000.0,-0.0002
2026-01-07,09:15,stop_profit_s3,S3,i,DCE.i2602-P-770,P,770.0,2026-01-20,0.6,24,144.0,-3169.41,9939167.31,0.0
2026-01-07,09:15,stop_profit_s3,S3,i,DCE.i2602-P-750,P,750.0,2026-01-20,0.4,48,288.0,960.0,9939167.31,0.0006
2026-01-07,09:15,greeks_breach_delta,S1,i,DCE.i2602-C-850,C,850.0,2026-01-20,5.4,45,270.0,-17956.01,9939167.31,-0.0055
2026-01-07,09:15,greeks_breach_delta,S3,si,GFEX.si2603-C-9400,C,9400.0,2026-02-06,141.0,62,372.0,-13950.0,9939167.31,0.0102
2026-01-07,09:15,greeks_breach_delta,S1,pp,DCE.pp2602-C-6500,C,6500.0,2026-01-20,19.5,116,696.0,-3590.2,9939167.31,0.0047
2026-01-07,09:15,greeks_breach_delta,S1,pg,DCE.pg2602-C-4450,C,4450.0,2026-01-20,18.2,42,252.0,-4710.34,9939167.31,0.015
2026-01-07,09:15,greeks_breach_delta,S1,si,GFEX.si2603-C-10000,C,10000.0,2026-02-06,81.0,77,462.0,-21945.0,9939167.31,-0.0102
2026-01-07,09:15,greeks_breach_delta,S1,p,DCE.p2602-C-8900,C,8900.0,2026-01-20,22.5,44,264.0,-2576.01,9939167.31,-0.0065
2026-01-07,09:15,greeks_breach_delta,S1,eb,DCE.eb2602-C-7200,C,7200.0,2026-01-20,25.0,103,618.0,-2050.68,9939167.31,0.0112
2026-01-07,09:15,greeks_breach_delta,S1,ps,GFEX.ps2603-C-68000,C,68000.0,2026-02-06,605.0,17,102.0,2244.0,9939167.31,0.0215
2026-01-07,09:15,greeks_breach_delta,S1,l,DCE.l2602-C-6700,C,6700.0,2026-01-20,17.5,116,696.0,-3480.0,9939167.31,0.0055
2026-01-07,09:15,greeks_breach_delta,S3,eg,DCE.eg2602-C-3900,C,3900.0,2026-01-20,13.0,100,600.0,-7000.0,9939167.31,0.0039
2026-01-07,09:15,greeks_breach_delta,S3,v,DCE.v2602-C-4950,C,4950.0,2026-01-20,17.0,158,948.0,-6114.6,9939167.31,0.0207
2026-01-07,09:15,greeks_breach_delta,S3,pg,DCE.pg2602-C-4500,C,4500.0,2026-01-20,14.4,42,252.0,-4085.45,9939167.31,0.0121
2026-01-07,09:15,greeks_breach_delta,S1,p,DCE.p2602-P-8100,P,8100.0,2026-01-20,19.0,43,258.0,-1828.75,9939167.31,0.0028
2026-01-07,09:15,greeks_breach_delta,S3,i,DCE.i2602-C-870,C,870.0,2026-01-20,2.5,46,276.0,-9369.47,9939167.31,-0.0025
2026-01-07,09:15,greeks_breach_delta,S1,jd,DCE.jd2602-C-3150,C,3150.0,2026-01-20,8.5,121,726.0,-395.58,9939167.31,0.0103
2026-01-07,09:15,greeks_breach_delta,S1,pg,DCE.pg2602-P-4000,P,4000.0,2026-01-20,9.0,43,258.0,831.87,9939167.31,-0.0119
2026-01-07,09:15,greeks_breach_delta,S1,lc,GFEX.lc2603-P-110000,P,110000.0,2026-02-06,1260.0,24,144.0,-3300.0,9939167.31,-0.0104
2026-01-07,09:15,greeks_breach_delta,S1,b,DCE.b2602-C-3950,C,3950.0,2026-01-20,6.0,101,606.0,-2929.0,9939167.31,0.002
2026-01-07,09:15,greeks_breach_delta,S3,eb,DCE.eb2602-C-7300,C,7300.0,2026-01-20,18.5,106,636.0,-1590.0,9939167.31,0.0199
2026-01-07,09:15,greeks_breach_delta,S1,eg,DCE.eg2602-P-3500,P,3500.0,2026-01-20,5.5,102,612.0,460.24,9939167.31,-0.0259
2026-01-07,09:15,greeks_breach_delta,S1,v,DCE.v2602-P-4400,P,4400.0,2026-01-20,6.5,162,972.0,2449.31,9939167.31,-0.019
2026-01-07,09:15,greeks_breach_delta,S1,jd,DCE.jd2602-P-2800,P,2800.0,2026-01-20,4.5,122,732.0,5.6,9939167.31,0.0071
2026-01-07,09:15,greeks_breach_delta,S3,ps,GFEX.ps2603-P-53000,P,53000.0,2026-02-06,193.0,18,108.0,711.0,9939167.31,0.0439
2026-01-07,09:15,greeks_breach_delta,S1,ps,GFEX.ps2603-P-53000,P,53000.0,2026-02-06,193.0,18,108.0,711.0,9939167.31,0.0439
2026-01-07,09:15,greeks_breach_delta,S3,jd,DCE.jd2602-C-3200,C,3200.0,2026-01-20,5.5,124,744.0,-406.52,9939167.31,0.0126
2026-01-07,09:15,greeks_breach_delta,S1,b,DCE.b2602-P-3650,P,3650.0,2026-01-20,3.5,100,600.0,0.0,9939167.31,0.0064
2026-01-07,09:15,greeks_breach_delta,S1,pp,DCE.pp2602-P-6000,P,6000.0,2026-01-20,4.5,123,738.0,615.0,9939167.31,-0.0346
2026-01-07,09:15,greeks_breach_delta,S3,p,DCE.p2602-C-9100,C,9100.0,2026-01-20,10.0,44,264.0,-1642.14,9939167.31,-0.0009
2026-01-07,09:15,greeks_breach_delta,S3,pp,DCE.pp2602-C-6700,C,6700.0,2026-01-20,7.5,122,732.0,-915.0,9939167.31,0.0175
2026-01-07,09:15,greeks_breach_delta,S3,l,DCE.l2602-C-6900,C,6900.0,2026-01-20,7.0,120,720.0,-900.0,9939167.31,0.0146
2026-01-07,09:15,greeks_breach_delta,S3,pg,DCE.pg2602-P-3850,P,3850.0,2026-01-20,2.8,46,276.0,-368.0,9939167.31,0.0011
2026-01-07,09:15,greeks_breach_delta,S3,p,DCE.p2602-P-7800,P,7800.0,2026-01-20,5.5,45,270.0,-493.27,9939167.31,0.0115
2026-01-07,09:15,greeks_breach_delta,S3,jd,DCE.jd2602-P-2750,P,2750.0,2026-01-20,1.5,128,768.0,517.22,9939167.31,0.0004
2026-01-07,09:15,greeks_breach_delta,S3,l,DCE.l2602-P-5900,P,5900.0,2026-01-20,2.5,122,732.0,-305.0,9939167.31,0.0095
2026-01-07,09:15,greeks_breach_delta,S3,v,DCE.v2602-P-4250,P,4250.0,2026-01-20,2.0,168,1008.0,0.0,9939167.31,-0.0079
2026-01-07,09:15,greeks_breach_delta,S3,eg,DCE.eg2602-P-3300,P,3300.0,2026-01-20,1.5,108,648.0,-1080.0,9939167.31,0.0381
2026-01-07,09:15,greeks_breach_delta,S3,pp,DCE.pp2602-P-5700,P,5700.0,2026-01-20,1.0,126,756.0,-315.0,9939167.31,0.0197
2026-01-07,09:15,greeks_breach_delta,S3,b,DCE.b2602-P-3300,P,3300.0,2026-01-20,0.0,102,612.0,0.0,9939167.31,-0.0035
2026-01-12,close,s4_dte_exit,S4,v,DCE.v2602-P-3850,P,3850.0,2026-01-20,0.5,5,30.0,-12.5,10162551.81,0.0
2026-01-12,close,s4_dte_exit,S4,v,DCE.v2602-C-6200,C,6200.0,2026-01-20,0.5,5,30.0,-26.28,10162551.81,0.0
2026-01-12,close,s4_dte_exit,S4,p,DCE.p2602-P-7200,P,7200.0,2026-01-20,1.0,5,30.0,-25.0,10162551.81,0.0
2026-01-12,close,s4_dte_exit,S4,p,DCE.p2602-C-10400,C,10400.0,2026-01-20,1.0,5,30.0,0.0,10162551.81,0.0
2026-01-12,close,s4_dte_exit,S4,eb,DCE.eb2602-P-5600,P,5600.0,2026-01-20,0.5,5,30.0,-25.0,10162551.81,0.0
2026-01-12,close,s4_dte_exit,S4,eb,DCE.eb2602-C-9000,C,9000.0,2026-01-20,1.5,5,30.0,0.0,10162551.81,0.0
2026-01-12,close,s4_dte_exit,S4,i,DCE.i2602-P-600,P,600.0,2026-01-20,0.1,5,30.0,-50.0,10162551.81,0.0
2026-01-12,close,s4_dte_exit,S4,i,DCE.i2602-C-920,C,920.0,2026-01-20,0.4,5,30.0,50.0,10162551.81,0.0
2026-01-12,close,s4_dte_exit,S4,jd,DCE.jd2602-P-2600,P,2600.0,2026-01-20,0.5,5,30.0,-25.0,10162551.81,0.0
2026-01-12,close,s4_dte_exit,S4,jd,DCE.jd2602-C-3700,C,3700.0,2026-01-20,0.5,5,30.0,-40.36,10162551.81,0.0
2026-01-12,close,s4_dte_exit,S4,pg,DCE.pg2602-P-3450,P,3450.0,2026-01-20,0.2,5,30.0,-60.0,10162551.81,0.0
2026-01-12,close,s4_dte_exit,S4,pg,DCE.pg2602-C-4900,C,4900.0,2026-01-20,1.0,5,30.0,-215.9,10162551.81,0.0
2026-01-12,close,s4_dte_exit,S4,eg,DCE.eg2602-P-3250,P,3250.0,2026-01-20,0.5,5,30.0,-25.0,10162551.81,0.0
2026-01-12,close,s4_dte_exit,S4,eg,DCE.eg2602-C-5200,C,5200.0,2026-01-20,0.5,5,30.0,-42.39,10162551.81,0.0
2026-01-12,close,s4_dte_exit,S4,pp,DCE.pp2602-P-5500,P,5500.0,2026-01-20,0.5,5,30.0,-12.5,10162551.81,0.0
2026-01-12,close,s4_dte_exit,S4,pp,DCE.pp2602-C-8200,C,8200.0,2026-01-20,0.5,5,30.0,-12.5,10162551.81,0.0
2026-01-12,close,s4_dte_exit,S4,l,DCE.l2602-P-5600,P,5600.0,2026-01-20,0.5,5,30.0,-12.5,10162551.81,0.0
2026-01-12,close,s4_dte_exit,S4,l,DCE.l2602-C-8600,C,8600.0,2026-01-20,0.5,5,30.0,-25.0,10162551.81,0.0
2026-01-12,close,s4_dte_exit,S4,b,DCE.b2602-P-3300,P,3300.0,2026-01-20,1.0,5,30.0,0.0,10162551.81,0.0
2026-01-12,close,s4_dte_exit,S4,b,DCE.b2602-C-4300,C,4300.0,2026-01-20,0.5,5,30.0,-25.0,10162551.81,0.0
2026-01-19,close,expiry,S3,v,DCE.v2602-P-4400,P,4400.0,2026-01-20,0.5,56,336.0,-2806.68,10080294.31,0.0
2026-01-19,close,expiry,S3,v,DCE.v2602-C-4850,C,4850.0,2026-01-20,0.5,79,474.0,-5595.42,10080294.31,0.0
2026-01-19,close,expiry,S1,v,DCE.v2602-P-4500,P,4500.0,2026-01-20,1.5,81,486.0,-12273.03,10080294.31,0.0
2026-01-19,close,expiry,S1,v,DCE.v2602-C-4750,C,4750.0,2026-01-20,0.5,76,456.0,-9389.33,10080294.31,0.0
2026-01-19,close,expiry,S3,p,DCE.p2602-P-8100,P,8100.0,2026-01-20,0.5,15,90.0,-2287.06,10080294.31,0.0
2026-01-19,close,expiry,S3,p,DCE.p2602-C-8900,C,8900.0,2026-01-20,0.5,22,132.0,-3771.99,10080294.31,0.0
2026-01-19,close,expiry,S1,p,DCE.p2602-P-8200,P,8200.0,2026-01-20,0.5,21,126.0,-5030.46,10080294.31,0.0
2026-01-19,close,expiry,S1,p,DCE.p2602-C-8700,C,8700.0,2026-01-20,5.5,22,132.0,-9664.27,10080294.31,0.0
2026-01-19,close,expiry,S3,eb,DCE.eb2602-C-7100,C,7100.0,2026-01-20,158.0,53,318.0,33889.22,10080294.31,0.0
2026-01-19,close,expiry,S1,eb,DCE.eb2602-C-7100,C,7100.0,2026-01-20,158.0,51,306.0,32610.38,10080294.31,0.0
2026-01-19,close,expiry,S3,i,DCE.i2602-C-850,C,850.0,2026-01-20,0.1,23,138.0,-3472.49,10080294.31,0.0
2026-01-19,close,expiry,S1,i,DCE.i2602-C-830,C,830.0,2026-01-20,0.2,22,132.0,-7626.67,10080294.31,0.0
2026-01-19,close,expiry,S3,jd,DCE.jd2602-P-2800,P,2800.0,2026-01-20,0.5,64,384.0,-3202.94,10080294.31,0.0
2026-01-19,close,expiry,S3,jd,DCE.jd2602-C-3100,C,3100.0,2026-01-20,0.5,62,372.0,-9447.88,10080294.31,0.0
2026-01-19,close,expiry,S1,jd,DCE.jd2602-P-2850,P,2850.0,2026-01-20,0.5,61,366.0,-4214.29,10080294.31,0.0
2026-01-19,close,expiry,S1,jd,DCE.jd2602-C-3100,C,3100.0,2026-01-20,0.5,60,360.0,-9143.11,10080294.31,0.0
2026-01-19,close,expiry,S3,pg,DCE.pg2602-P-3950,P,3950.0,2026-01-20,0.2,23,138.0,-3005.33,10080294.31,0.0
2026-01-19,close,expiry,S3,pg,DCE.pg2602-C-4400,C,4400.0,2026-01-20,0.2,21,126.0,-6525.53,10080294.31,0.0
2026-01-19,close,expiry,S1,pg,DCE.pg2602-P-4050,P,4050.0,2026-01-20,0.4,21,126.0,-7650.18,10080294.31,0.0
2026-01-19,close,expiry,S1,pg,DCE.pg2602-C-4350,C,4350.0,2026-01-20,0.2,21,126.0,-8611.45,10080294.31,0.0
2026-01-19,close,expiry,S3,eg,DCE.eg2602-P-3450,P,3450.0,2026-01-20,0.5,36,216.0,-1080.0,10080294.31,0.0
2026-01-19,close,expiry,S3,eg,DCE.eg2602-C-3850,C,3850.0,2026-01-20,0.5,50,300.0,-4100.0,10080294.31,0.0
2026-01-19,close,expiry,S1,eg,DCE.eg2602-P-3550,P,3550.0,2026-01-20,5.5,51,306.0,-4729.09,10080294.31,0.0
2026-01-19,close,expiry,S1,eg,DCE.eg2602-C-3750,C,3750.0,2026-01-20,0.5,49,294.0,-7899.92,10080294.31,0.0
2026-01-19,close,expiry,S3,pp,DCE.pp2602-P-5900,P,5900.0,2026-01-20,0.5,63,378.0,-945.0,10080294.31,0.0
2026-01-19,close,expiry,S3,pp,DCE.pp2602-C-6500,C,6500.0,2026-01-20,1.0,61,366.0,-4059.55,10080294.31,0.0
2026-01-19,close,expiry,S1,pp,DCE.pp2602-P-6100,P,6100.0,2026-01-20,0.5,61,366.0,-4455.02,10080294.31,0.0
2026-01-19,close,expiry,S1,pp,DCE.pp2602-C-6400,C,6400.0,2026-01-20,4.5,58,348.0,-5343.28,10080294.31,0.0
2026-01-19,close,expiry,S3,l,DCE.l2602-P-6000,P,6000.0,2026-01-20,0.5,61,366.0,-1220.0,10080294.31,0.0
2026-01-19,close,expiry,S3,l,DCE.l2602-C-6700,C,6700.0,2026-01-20,1.0,60,360.0,-3450.0,10080294.31,0.0
2026-01-19,close,expiry,S1,l,DCE.l2602-C-6600,C,6600.0,2026-01-20,3.0,58,348.0,-4901.71,10080294.31,0.0
2026-01-19,close,expiry,S3,b,DCE.b2602-P-3600,P,3600.0,2026-01-20,0.5,34,204.0,-510.0,10080294.31,0.0
2026-01-19,close,expiry,S3,b,DCE.b2602-C-4000,C,4000.0,2026-01-20,0.5,52,312.0,-1300.0,10080294.31,0.0
2026-01-19,close,expiry,S1,b,DCE.b2602-P-3700,P,3700.0,2026-01-20,4.0,50,300.0,-2800.0,10080294.31,0.0
2026-01-19,close,expiry,S1,b,DCE.b2602-C-3900,C,3900.0,2026-01-20,0.5,50,300.0,-3074.07,10080294.31,0.0
2026-01-21,vwap,open_buy,S3,MO,CFFEX.MO2602-C-8600,C,8600.0,2026-02-24,53.4448,1,0.0,0.0,10068774.31,0.0
2026-01-21,vwap,open_sell,S3,MO,CFFEX.MO2602-C-8800,C,8800.0,2026-02-24,29.494,2,0.0,0.0,10068774.31,-0.0008
2026-01-21,vwap,open_buy,S3,MO,CFFEX.MO2602-P-7800,P,7800.0,2026-02-24,67.5336,1,0.0,0.0,10068774.31,0.0
2026-01-21,vwap,open_sell,S3,MO,CFFEX.MO2602-P-7500,P,7500.0,2026-02-24,25.6882,2,0.0,0.0,10068774.31,0.0011
2026-01-21,vwap,open_sell,S1,MO,CFFEX.MO2602-C-8800,C,8800.0,2026-02-24,29.494,2,0.0,0.0,10068774.31,-0.0008
2026-01-21,vwap,open_buy,S1,MO,CFFEX.MO2602-C-8600,C,8600.0,2026-02-24,53.4448,1,0.0,0.0,10068774.31,0.0
2026-01-21,vwap,open_sell,S1,MO,CFFEX.MO2602-P-7600,P,7600.0,2026-02-24,34.8152,2,0.0,0.0,10068774.31,0.0003
2026-01-21,vwap,open_buy,S1,MO,CFFEX.MO2602-P-7800,P,7800.0,2026-02-24,67.5336,1,0.0,0.0,10068774.31,0.0
2026-01-21,vwap,open_buy,S4,MO,CFFEX.MO2602-P-6300,P,6300.0,2026-02-24,3.0,4,0.0,0.0,10068774.31,0.0
2026-01-21,vwap,open_buy,S4,MO,CFFEX.MO2602-C-9200,C,9200.0,2026-02-24,11.9378,1,0.0,0.0,10068774.31,0.0
2026-01-21,vwap,open_buy,S3,IO,CFFEX.IO2602-C-4950,C,4950.0,2026-02-24,18.3945,2,0.0,0.0,10068774.31,0.0
2026-01-21,vwap,open_sell,S3,IO,CFFEX.IO2602-C-5100,C,5100.0,2026-02-24,7.5577,4,0.0,0.0,10068774.31,0.0003
2026-01-21,vwap,open_buy,S3,IO,CFFEX.IO2602-P-4500,P,4500.0,2026-02-24,17.2225,1,0.0,0.0,10068774.31,0.0
2026-01-21,vwap,open_sell,S3,IO,CFFEX.IO2602-P-4350,P,4350.0,2026-02-24,5.3771,3,0.0,0.0,10068774.31,0.0039
2026-01-21,vwap,open_sell,S1,IO,CFFEX.IO2602-C-5000,C,5000.0,2026-02-24,13.7809,4,0.0,0.0,10068774.31,-0.0002
2026-01-21,vwap,open_buy,S1,IO,CFFEX.IO2602-C-4900,C,4900.0,2026-02-24,25.6749,2,0.0,0.0,10068774.31,0.0
2026-01-21,vwap,open_sell,S1,IO,CFFEX.IO2602-P-4500,P,4500.0,2026-02-24,16.8225,3,0.0,0.0,10068774.31,0.002
2026-01-21,vwap,open_buy,S1,IO,CFFEX.IO2602-P-4550,P,4550.0,2026-02-24,23.5011,1,0.0,0.0,10068774.31,0.0
2026-01-21,vwap,open_buy,S4,IO,CFFEX.IO2602-P-4000,P,4000.0,2026-02-24,1.6,5,0.0,0.0,10068774.31,0.0
2026-01-21,vwap,open_buy,S4,IO,CFFEX.IO2602-C-5300,C,5300.0,2026-02-24,4.5612,2,0.0,0.0,10068774.31,0.0
2026-01-21,vwap,open_buy,S3,HO,CFFEX.HO2602-C-3250,C,3250.0,2026-02-24,12.2182,3,0.0,0.0,10068774.31,0.0
2026-01-21,vwap,open_sell,S3,HO,CFFEX.HO2602-C-3300,C,3300.0,2026-02-24,8.0231,6,0.0,0.0,10068774.31,0.0022
2026-01-21,vwap,open_buy,S3,HO,CFFEX.HO2602-P-2900,P,2900.0,2026-02-24,6.3355,3,0.0,0.0,10068774.31,0.0
2026-01-21,vwap,open_sell,S3,HO,CFFEX.HO2602-P-2850,P,2850.0,2026-02-24,3.4667,6,0.0,0.0,10068774.31,0.0041
2026-01-21,vwap,open_sell,S1,HO,CFFEX.HO2602-C-3250,C,3250.0,2026-02-24,11.8182,6,0.0,0.0,10068774.31,0.0022
2026-01-21,vwap,open_buy,S1,HO,CFFEX.HO2602-C-3200,C,3200.0,2026-02-24,19.1551,3,0.0,0.0,10068774.31,0.0
2026-01-21,vwap,open_sell,S1,HO,CFFEX.HO2602-P-2900,P,2900.0,2026-02-24,5.9355,6,0.0,0.0,10068774.31,0.0016
2026-01-21,vwap,open_buy,S1,HO,CFFEX.HO2602-P-2950,P,2950.0,2026-02-24,10.8943,3,0.0,0.0,10068774.31,0.0
2026-01-21,vwap,open_buy,S4,HO,CFFEX.HO2602-P-2650,P,2650.0,2026-02-24,1.2,5,0.0,0.0,10068774.31,0.0
2026-01-21,vwap,open_buy,S4,HO,CFFEX.HO2602-C-3500,C,3500.0,2026-02-24,3.7094,3,0.0,0.0,10068774.31,0.0
2026-01-21,11:00,stop_profit_s3,S3,MO,CFFEX.MO2602-P-7800,P,7800.0,2026-02-24,46.0,1,6.0,-2153.36,10068774.31,0.0
2026-01-21,11:00,stop_profit_s3,S3,MO,CFFEX.MO2602-P-7500,P,7500.0,2026-02-24,17.0,2,12.0,1737.64,10068774.31,0.0011
2026-01-22,vwap,open_buy,S3,eb,DCE.eb2603-C-7900,C,7900.0,2026-02-25,109.1852,36,0.0,0.0,10132268.3,0.0
2026-01-22,vwap,open_sell,S3,eb,DCE.eb2603-C-8100,C,8100.0,2026-02-25,79.1875,72,0.0,0.0,10132268.3,0.0034
2026-01-22,vwap,open_buy,S3,eb,DCE.eb2603-P-7100,P,7100.0,2026-02-25,64.8223,46,0.0,0.0,10132268.3,0.0
2026-01-22,vwap,open_sell,S3,eb,DCE.eb2603-P-6900,P,6900.0,2026-02-25,26.8059,92,0.0,0.0,10132268.3,-0.0033
2026-01-22,vwap,open_sell,S1,eb,DCE.eb2603-C-8400,C,8400.0,2026-02-25,51.1574,83,0.0,0.0,10132268.3,-0.011
2026-01-22,vwap,open_buy,S1,eb,DCE.eb2603-C-8100,C,8100.0,2026-02-25,80.1875,41,0.0,0.0,10132268.3,0.0
2026-01-22,vwap,open_sell,S1,eb,DCE.eb2603-P-6900,P,6900.0,2026-02-25,26.8059,93,0.0,0.0,10132268.3,-0.0033
2026-01-22,vwap,open_buy,S1,eb,DCE.eb2603-P-7100,P,7100.0,2026-02-25,64.8223,46,0.0,0.0,10132268.3,0.0
2026-01-22,vwap,open_buy,S4,eb,DCE.eb2603-P-5800,P,5800.0,2026-02-25,1.0,5,0.0,0.0,10132268.3,0.0
2026-01-22,vwap,open_buy,S4,eb,DCE.eb2603-C-8400,C,8400.0,2026-02-25,52.1574,4,0.0,0.0,10132268.3,0.0
2026-01-22,vwap,open_buy,S3,m,DCE.m2603-C-3200,C,3200.0,2026-02-25,13.0125,61,0.0,0.0,10132268.3,0.0
2026-01-22,vwap,open_sell,S3,m,DCE.m2603-C-3300,C,3300.0,2026-02-25,5.5,122,0.0,0.0,10132268.3,0.0049
2026-01-22,vwap,open_buy,S3,m,DCE.m2603-P-2900,P,2900.0,2026-02-25,5.7273,63,0.0,0.0,10132268.3,0.0
2026-01-22,vwap,open_sell,S3,m,DCE.m2603-P-2850,P,2850.0,2026-02-25,2.5,126,0.0,0.0,10132268.3,0.0023
2026-01-22,vwap,open_sell,S1,m,DCE.m2603-C-3250,C,3250.0,2026-02-25,7.5,118,0.0,0.0,10132268.3,0.0022
2026-01-22,vwap,open_buy,S1,m,DCE.m2603-C-3200,C,3200.0,2026-02-25,13.0125,59,0.0,0.0,10132268.3,0.0
2026-01-22,vwap,open_sell,S1,m,DCE.m2603-P-2950,P,2950.0,2026-02-25,8.6117,116,0.0,0.0,10132268.3,-0.0063
2026-01-22,vwap,open_buy,S4,m,DCE.m2603-P-2500,P,2500.0,2026-02-25,1.0,5,0.0,0.0,10132268.3,0.0
2026-01-22,vwap,open_buy,S4,m,DCE.m2603-C-3450,C,3450.0,2026-02-25,2.5,5,0.0,0.0,10132268.3,0.0
2026-01-22,vwap,open_buy,S3,c,DCE.c2603-C-2400,C,2400.0,2026-02-25,4.3021,85,0.0,0.0,10132268.3,0.0
2026-01-22,vwap,open_sell,S3,c,DCE.c2603-C-2460,C,2460.0,2026-02-25,1.5,170,0.0,0.0,10132268.3,0.0043
2026-01-22,vwap,open_buy,S3,c,DCE.c2603-P-2160,P,2160.0,2026-02-25,3.0,85,0.0,0.0,10132268.3,0.0
2026-01-22,vwap,open_sell,S3,c,DCE.c2603-P-2100,P,2100.0,2026-02-25,1.0,170,0.0,0.0,10132268.3,0.018
2026-01-22,vwap,open_sell,S1,c,DCE.c2603-C-2380,C,2380.0,2026-02-25,3.9919,163,0.0,0.0,10132268.3,-0.0062
2026-01-22,vwap,open_buy,S1,c,DCE.c2603-C-2340,C,2340.0,2026-02-25,8.5874,81,0.0,0.0,10132268.3,0.0
2026-01-22,vwap,open_sell,S1,c,DCE.c2603-P-2200,P,2200.0,2026-02-25,3.6667,163,0.0,0.0,10132268.3,-0.0018
2026-01-22,vwap,open_buy,S1,c,DCE.c2603-P-2220,P,2220.0,2026-02-25,6.5133,81,0.0,0.0,10132268.3,0.0
2026-01-22,vwap,open_buy,S4,c,DCE.c2603-P-1880,P,1880.0,2026-02-25,1.0,5,0.0,0.0,10132268.3,0.0
2026-01-22,vwap,open_buy,S4,c,DCE.c2603-C-2560,C,2560.0,2026-02-25,2.0,5,0.0,0.0,10132268.3,0.0
2026-01-22,vwap,open_buy,S3,v,DCE.v2603-C-4750,C,4750.0,2026-02-25,38.6667,74,0.0,0.0,10132268.3,0.0
2026-01-22,vwap,open_sell,S3,v,DCE.v2603-C-4850,C,4850.0,2026-02-25,22.8696,148,0.0,0.0,10132268.3,-0.0005
2026-01-22,vwap,open_buy,S3,v,DCE.v2603-P-4300,P,4300.0,2026-02-25,17.5227,83,0.0,0.0,10132268.3,0.0
2026-01-22,vwap,open_sell,S3,v,DCE.v2603-P-4200,P,4200.0,2026-02-25,6.5,166,0.0,0.0,10132268.3,-0.0065
2026-01-22,vwap,open_sell,S1,v,DCE.v2603-C-4850,C,4850.0,2026-02-25,22.8696,149,0.0,0.0,10132268.3,-0.0005
2026-01-22,vwap,open_buy,S1,v,DCE.v2603-C-4750,C,4750.0,2026-02-25,38.6667,74,0.0,0.0,10132268.3,0.0
2026-01-22,vwap,open_sell,S1,v,DCE.v2603-P-4300,P,4300.0,2026-02-25,16.5227,153,0.0,0.0,10132268.3,-0.0061
2026-01-22,vwap,open_buy,S1,v,DCE.v2603-P-4350,P,4350.0,2026-02-25,26.1667,76,0.0,0.0,10132268.3,0.0
2026-01-22,vwap,open_buy,S4,v,DCE.v2603-P-3900,P,3900.0,2026-02-25,1.5,5,0.0,0.0,10132268.3,0.0
2026-01-22,vwap,open_buy,S4,v,DCE.v2603-C-6000,C,6000.0,2026-02-25,3.0,5,0.0,0.0,10132268.3,0.0
2026-01-22,vwap,open_buy,S3,p,DCE.p2603-C-9300,C,9300.0,2026-02-25,68.5435,19,0.0,0.0,10132268.3,0.0
2026-01-22,vwap,open_sell,S3,p,DCE.p2603-C-9500,C,9500.0,2026-02-25,40.3833,38,0.0,0.0,10132268.3,0.0022
2026-01-22,vwap,open_buy,S3,p,DCE.p2603-P-8400,P,8400.0,2026-02-25,35.7841,21,0.0,0.0,10132268.3,0.0
2026-01-22,vwap,open_sell,S3,p,DCE.p2603-P-8200,P,8200.0,2026-02-25,15.8554,42,0.0,0.0,10132268.3,-0.0011
2026-01-22,vwap,open_sell,S1,p,DCE.p2603-C-9500,C,9500.0,2026-02-25,40.3833,38,0.0,0.0,10132268.3,0.0022
2026-01-22,vwap,open_buy,S1,p,DCE.p2603-C-9300,C,9300.0,2026-02-25,68.5435,19,0.0,0.0,10132268.3,0.0
2026-01-22,vwap,open_sell,S1,p,DCE.p2603-P-8300,P,8300.0,2026-02-25,23.3966,40,0.0,0.0,10132268.3,-0.0032
2026-01-22,vwap,open_buy,S1,p,DCE.p2603-P-8500,P,8500.0,2026-02-25,53.2586,20,0.0,0.0,10132268.3,0.0
2026-01-22,vwap,open_buy,S4,p,DCE.p2603-P-6800,P,6800.0,2026-02-25,2.5,5,0.0,0.0,10132268.3,0.0
2026-01-22,vwap,open_buy,S4,p,DCE.p2603-C-10800,C,10800.0,2026-02-25,7.1966,5,0.0,0.0,10132268.3,0.0
2026-01-22,vwap,open_buy,S3,i,DCE.i2603-C-840,C,840.0,2026-02-25,3.8421,22,0.0,0.0,10132268.3,0.0
2026-01-22,vwap,open_sell,S3,i,DCE.i2603-C-860,C,860.0,2026-02-25,1.9,44,0.0,0.0,10132268.3,-0.0069
2026-01-22,vwap,open_buy,S3,i,DCE.i2603-P-760,P,760.0,2026-02-25,3.9346,23,0.0,0.0,10132268.3,0.0
2026-01-22,vwap,open_sell,S3,i,DCE.i2603-P-740,P,740.0,2026-02-25,1.8,46,0.0,0.0,10132268.3,0.0033
2026-01-22,vwap,open_sell,S1,i,DCE.i2603-C-850,C,850.0,2026-02-25,2.7708,44,0.0,0.0,10132268.3,-0.0081
2026-01-22,vwap,open_buy,S1,i,DCE.i2603-C-830,C,830.0,2026-02-25,5.3778,22,0.0,0.0,10132268.3,0.0
2026-01-22,vwap,open_sell,S1,i,DCE.i2603-P-750,P,750.0,2026-02-25,2.6737,44,0.0,0.0,10132268.3,0.0015
2026-01-22,vwap,open_buy,S1,i,DCE.i2603-P-770,P,770.0,2026-02-25,5.8069,22,0.0,0.0,10132268.3,0.0
2026-01-22,vwap,open_buy,S4,i,DCE.i2603-P-600,P,600.0,2026-02-25,0.2,5,0.0,0.0,10132268.3,0.0
2026-01-22,vwap,open_buy,S4,i,DCE.i2603-C-950,C,950.0,2026-02-25,0.5,5,0.0,0.0,10132268.3,0.0
2026-01-22,vwap,open_buy,S3,jd,DCE.jd2603-C-3200,C,3200.0,2026-02-25,24.8412,54,0.0,0.0,10132268.3,0.0
2026-01-22,vwap,open_sell,S3,jd,DCE.jd2603-C-3250,C,3250.0,2026-02-25,16.6458,108,0.0,0.0,10132268.3,-0.01
2026-01-22,vwap,open_buy,S3,jd,DCE.jd2603-P-2900,P,2900.0,2026-02-25,29.4069,39,0.0,0.0,10132268.3,0.0
2026-01-22,vwap,open_sell,S3,jd,DCE.jd2603-P-2800,P,2800.0,2026-02-25,8.7529,117,0.0,0.0,10132268.3,0.0026
2026-01-22,vwap,open_sell,S1,jd,DCE.jd2603-C-3300,C,3300.0,2026-02-25,12.8953,115,0.0,0.0,10132268.3,-0.0072
2026-01-22,vwap,open_buy,S1,jd,DCE.jd2603-C-3200,C,3200.0,2026-02-25,24.8412,57,0.0,0.0,10132268.3,0.0
2026-01-22,vwap,open_sell,S1,jd,DCE.jd2603-P-2800,P,2800.0,2026-02-25,8.7529,117,0.0,0.0,10132268.3,0.0026
2026-01-22,vwap,open_buy,S1,jd,DCE.jd2603-P-2900,P,2900.0,2026-02-25,29.4069,58,0.0,0.0,10132268.3,0.0
2026-01-22,vwap,open_buy,S4,jd,DCE.jd2603-P-2600,P,2600.0,2026-02-25,1.8214,5,0.0,0.0,10132268.3,0.0
2026-01-22,vwap,open_buy,S4,jd,DCE.jd2603-C-3600,C,3600.0,2026-02-25,3.9342,5,0.0,0.0,10132268.3,0.0
2026-01-22,vwap,open_buy,S3,y,DCE.y2603-C-8600,C,8600.0,2026-02-25,36.7038,22,0.0,0.0,10132268.3,0.0
2026-01-22,vwap,open_sell,S3,y,DCE.y2603-C-8800,C,8800.0,2026-02-25,18.4706,44,0.0,0.0,10132268.3,0.0044
2026-01-22,vwap,open_buy,S3,y,DCE.y2603-P-7800,P,7800.0,2026-02-25,10.75,23,0.0,0.0,10132268.3,0.0
2026-01-22,vwap,open_sell,S3,y,DCE.y2603-P-7600,P,7600.0,2026-02-25,3.0,46,0.0,0.0,10132268.3,0.0017
2026-01-22,vwap,open_sell,S1,y,DCE.y2603-C-8700,C,8700.0,2026-02-25,26.9615,44,0.0,0.0,10132268.3,0.0049
2026-01-22,vwap,open_buy,S1,y,DCE.y2603-C-8500,C,8500.0,2026-02-25,50.3596,22,0.0,0.0,10132268.3,0.0
2026-01-22,vwap,open_sell,S1,y,DCE.y2603-P-7900,P,7900.0,2026-02-25,18.7667,44,0.0,0.0,10132268.3,-0.0045
2026-01-22,vwap,open_buy,S1,y,DCE.y2603-P-8000,P,8000.0,2026-02-25,37.5965,22,0.0,0.0,10132268.3,0.0
2026-01-22,vwap,open_buy,S4,y,DCE.y2603-P-6600,P,6600.0,2026-02-25,1.5,5,0.0,0.0,10132268.3,0.0
2026-01-22,vwap,open_buy,S4,y,DCE.y2603-C-9400,C,9400.0,2026-02-25,7.0,5,0.0,0.0,10132268.3,0.0
2026-01-22,vwap,open_buy,S3,a,DCE.a2603-C-4450,C,4450.0,2026-02-25,16.0,44,0.0,0.0,10132268.3,0.0
2026-01-22,vwap,open_sell,S3,a,DCE.a2603-C-4600,C,4600.0,2026-02-25,5.2829,88,0.0,0.0,10132268.3,0.0025
2026-01-22,vwap,open_buy,S3,a,DCE.a2603-P-4050,P,4050.0,2026-02-25,7.5,46,0.0,0.0,10132268.3,0.0
2026-01-22,vwap,open_sell,S3,a,DCE.a2603-P-3900,P,3900.0,2026-02-25,1.5,92,0.0,0.0,10132268.3,0.0076
2026-01-22,vwap,open_sell,S1,a,DCE.a2603-C-4500,C,4500.0,2026-02-25,12.0805,84,0.0,0.0,10132268.3,0.0101
2026-01-22,vwap,open_buy,S1,a,DCE.a2603-C-4400,C,4400.0,2026-02-25,23.0,42,0.0,0.0,10132268.3,0.0
2026-01-22,vwap,open_sell,S1,a,DCE.a2603-P-4100,P,4100.0,2026-02-25,9.0,86,0.0,0.0,10132268.3,-0.006
2026-01-22,vwap,open_buy,S1,a,DCE.a2603-P-4150,P,4150.0,2026-02-25,16.5,43,0.0,0.0,10132268.3,0.0
2026-01-22,vwap,open_buy,S4,a,DCE.a2603-P-3700,P,3700.0,2026-02-25,1.5,5,0.0,0.0,10132268.3,0.0
2026-01-22,vwap,open_buy,S4,a,DCE.a2603-C-4750,C,4750.0,2026-02-25,3.5,5,0.0,0.0,10132268.3,0.0
2026-01-22,vwap,open_buy,S3,pp,DCE.pp2603-C-6800,C,6800.0,2026-02-25,30.925,55,0.0,0.0,10132268.3,0.0
2026-01-22,vwap,open_sell,S3,pp,DCE.pp2603-C-6900,C,6900.0,2026-02-25,19.5476,110,0.0,0.0,10132268.3,0.0115
2026-01-22,vwap,open_buy,S3,pp,DCE.pp2603-P-6100,P,6100.0,2026-02-25,8.5,40,0.0,0.0,10132268.3,0.0
2026-01-22,vwap,open_sell,S3,pp,DCE.pp2603-P-5900,P,5900.0,2026-02-25,2.5,120,0.0,0.0,10132268.3,-0.0011
2026-01-22,vwap,open_sell,S1,pp,DCE.pp2603-C-6900,C,6900.0,2026-02-25,19.5476,110,0.0,0.0,10132268.3,0.0115
2026-01-22,vwap,open_buy,S1,pp,DCE.pp2603-C-6700,C,6700.0,2026-02-25,37.0,55,0.0,0.0,10132268.3,0.0
2026-01-22,vwap,open_buy,S4,pp,DCE.pp2603-P-5600,P,5600.0,2026-02-25,2.0,5,0.0,0.0,10132268.3,0.0
2026-01-22,vwap,open_buy,S4,pp,DCE.pp2603-C-8000,C,8000.0,2026-02-25,2.5,5,0.0,0.0,10132268.3,0.0
2026-01-22,vwap,open_buy,S3,pg,DCE.pg2603-C-4300,C,4300.0,2026-02-25,50.8,18,0.0,0.0,10132268.3,0.0
2026-01-22,vwap,open_sell,S3,pg,DCE.pg2603-C-4400,C,4400.0,2026-02-25,37.5012,36,0.0,0.0,10132268.3,0.0082
2026-01-22,vwap,open_buy,S3,pg,DCE.pg2603-P-3900,P,3900.0,2026-02-25,21.2256,22,0.0,0.0,10132268.3,0.0
2026-01-22,vwap,open_buy,S4,pg,DCE.pg2603-P-3500,P,3500.0,2026-02-25,1.2,5,0.0,0.0,10132268.3,0.0
2026-01-22,vwap,open_buy,S4,pg,DCE.pg2603-C-4800,C,4800.0,2026-02-25,13.148,4,0.0,0.0,10132268.3,0.0
2026-01-22,00:00,greeks_breach_delta,S3,pg,DCE.pg2603-C-4400,C,4400.0,2026-02-25,37.7012,36,216.0,-144.0,10132268.3,0.0082
2026-01-22,09:30,stop_profit_s1,S1,MO,CFFEX.MO2602-P-7600,P,7600.0,2026-02-24,20.4,2,12.0,2883.04,10132268.3,0.0003
2026-01-22,09:30,stop_profit_s1,S1,MO,CFFEX.MO2602-P-7800,P,7800.0,2026-02-24,40.0,1,6.0,-2753.36,10132268.3,0.0
2026-01-22,09:45,stop_profit_s3,S3,IO,CFFEX.IO2602-P-4500,P,4500.0,2026-02-24,11.8,1,6.0,-542.25,10132268.3,0.0
2026-01-22,09:45,stop_profit_s3,S3,IO,CFFEX.IO2602-P-4350,P,4350.0,2026-02-24,3.6,3,18.0,533.14,10132268.3,0.0039
2026-01-22,13:59,greeks_breach_delta,S1,v,DCE.v2603-C-4850,C,4850.0,2026-02-25,38.0,149,894.0,-11272.17,10132268.3,-0.0005
2026-01-22,21:44,stop_profit_s3,S3,v,DCE.v2603-P-4300,P,4300.0,2026-02-25,8.0,83,498.0,-3951.93,10132268.3,0.0
2026-01-22,21:44,stop_profit_s3,S3,v,DCE.v2603-P-4200,P,4200.0,2026-02-25,3.5,166,996.0,2490.0,10132268.3,-0.0065
2026-01-22,21:44,stop_profit_s1,S1,v,DCE.v2603-P-4300,P,4300.0,2026-02-25,9.0,153,918.0,5754.89,10132268.3,-0.0061
2026-01-22,21:44,stop_profit_s1,S1,v,DCE.v2603-P-4350,P,4350.0,2026-02-25,13.5,76,456.0,-4813.33,10132268.3,0.0
2026-01-23,vwap,open_buy,S3,eg,DCE.eg2603-P-3500,P,3500.0,2026-02-25,22.625,33,0.0,0.0,10052528.14,0.0
2026-01-23,vwap,open_sell,S3,eg,DCE.eg2603-P-3400,P,3400.0,2026-02-25,7.0,99,0.0,0.0,10052528.14,-0.0089
2026-01-23,vwap,open_sell,S1,eg,DCE.eg2603-P-3450,P,3450.0,2026-02-25,12.5,95,0.0,0.0,10052528.14,-0.0136
2026-01-23,vwap,open_buy,S1,eg,DCE.eg2603-P-3550,P,3550.0,2026-02-25,35.2857,47,0.0,0.0,10052528.14,0.0
2026-01-23,vwap,open_buy,S4,eg,DCE.eg2603-P-3200,P,3200.0,2026-02-25,1.5,5,0.0,0.0,10052528.14,0.0
2026-01-23,vwap,open_buy,S4,eg,DCE.eg2603-C-5000,C,5000.0,2026-02-25,5.6549,5,0.0,0.0,10052528.14,0.0
2026-01-23,vwap,open_buy,S3,l,DCE.l2603-P-6400,P,6400.0,2026-02-25,19.625,38,0.0,0.0,10052528.14,0.0
2026-01-23,vwap,open_sell,S1,l,DCE.l2603-P-6400,P,6400.0,2026-02-25,18.625,108,0.0,0.0,10052528.14,-0.0122
2026-01-23,vwap,open_buy,S1,l,DCE.l2603-P-6500,P,6500.0,2026-02-25,40.5,54,0.0,0.0,10052528.14,0.0
2026-01-23,vwap,open_buy,S4,l,DCE.l2603-P-5700,P,5700.0,2026-02-25,1.5,5,0.0,0.0,10052528.14,0.0
2026-01-23,vwap,open_buy,S4,l,DCE.l2603-C-8400,C,8400.0,2026-02-25,5.5476,5,0.0,0.0,10052528.14,0.0
2026-01-23,00:00,greeks_breach_delta,S3,eb,DCE.eb2603-C-8100,C,8100.0,2026-02-25,183.0,72,432.0,-37372.5,10052528.14,0.0034
2026-01-23,00:00,greeks_breach_delta,S3,v,DCE.v2603-C-4850,C,4850.0,2026-02-25,56.5,148,888.0,-24886.52,10052528.14,-0.0005
2026-01-23,00:00,greeks_breach_delta,S1,eb,DCE.eb2603-C-8400,C,8400.0,2026-02-25,125.5,83,498.0,-30852.17,10052528.14,-0.011
2026-01-23,00:00,greeks_breach_delta,S1,a,DCE.a2603-C-4500,C,4500.0,2026-02-25,25.5,84,504.0,-11272.41,10052528.14,0.0101
2026-01-23,00:00,greeks_breach_delta,S3,jd,DCE.jd2603-C-3250,C,3250.0,2026-02-25,25.0,108,648.0,-9022.5,10052528.14,-0.01
2026-01-23,00:00,greeks_breach_delta,S3,pp,DCE.pp2603-C-6900,C,6900.0,2026-02-25,36.0,110,660.0,-9048.81,10052528.14,0.0115
2026-01-23,00:00,greeks_breach_delta,S1,pp,DCE.pp2603-C-6900,C,6900.0,2026-02-25,36.0,110,660.0,-9048.81,10052528.14,0.0115
2026-01-23,00:00,greeks_breach_delta,S1,jd,DCE.jd2603-C-3300,C,3300.0,2026-02-25,19.5,115,690.0,-7595.44,10052528.14,-0.0072
2026-01-23,00:00,greeks_breach_delta,S1,i,DCE.i2603-C-850,C,850.0,2026-02-25,3.4,44,264.0,-2768.5,10052528.14,-0.0081
2026-01-23,00:00,greeks_breach_delta,S1,m,DCE.m2603-C-3250,C,3250.0,2026-02-25,11.5,118,708.0,-4720.0,10052528.14,0.0022
2026-01-23,00:00,greeks_breach_delta,S1,y,DCE.y2603-P-7900,P,7900.0,2026-02-25,21.5,44,264.0,-1202.67,10052528.14,-0.0045
2026-01-23,00:00,greeks_breach_delta,S1,c,DCE.c2603-C-2380,C,2380.0,2026-02-25,5.5,163,978.0,-2458.25,10052528.14,-0.0062
2026-01-23,00:00,greeks_breach_delta,S1,m,DCE.m2603-P-2950,P,2950.0,2026-02-25,8.0,116,696.0,709.51,10052528.14,-0.0063
2026-01-23,00:00,greeks_breach_delta,S3,p,DCE.p2603-C-9500,C,9500.0,2026-02-25,35.5,38,228.0,1855.67,10052528.14,0.0022
2026-01-23,00:00,greeks_breach_delta,S1,p,DCE.p2603-C-9500,C,9500.0,2026-02-25,35.5,38,228.0,1855.67,10052528.14,0.0022
2026-01-23,00:00,greeks_breach_delta,S1,y,DCE.y2603-C-8700,C,8700.0,2026-02-25,23.5,44,264.0,1523.08,10052528.14,0.0049
2026-01-23,00:00,greeks_breach_delta,S1,l,DCE.l2603-P-6400,P,6400.0,2026-02-25,19.125,108,648.0,-270.0,10052528.14,-0.0122
2026-01-23,00:00,greeks_breach_delta,S1,c,DCE.c2603-P-2200,P,2200.0,2026-02-25,4.5,163,978.0,-1358.33,10052528.14,-0.0018
2026-01-23,00:00,greeks_breach_delta,S3,a,DCE.a2603-C-4600,C,4600.0,2026-02-25,13.0,88,528.0,-6791.05,10052528.14,0.0025
2026-01-23,00:00,greeks_breach_delta,S1,eg,DCE.eg2603-P-3450,P,3450.0,2026-02-25,13.0,95,570.0,-475.0,10052528.14,-0.0136
2026-01-23,00:00,greeks_breach_delta,S3,i,DCE.i2603-C-860,C,860.0,2026-02-25,2.5,44,264.0,-2640.0,10052528.14,-0.0069
2026-01-23,00:00,greeks_breach_delta,S1,i,DCE.i2603-P-750,P,750.0,2026-02-25,2.3,44,264.0,1644.44,10052528.14,0.0015
2026-01-23,00:00,greeks_breach_delta,S1,p,DCE.p2603-P-8300,P,8300.0,2026-02-25,25.0,40,240.0,-641.38,10052528.14,-0.0032
2026-01-23,00:00,greeks_breach_delta,S3,m,DCE.m2603-C-3300,C,3300.0,2026-02-25,8.0,122,732.0,-3050.0,10052528.14,0.0049
2026-01-23,00:00,greeks_breach_delta,S1,a,DCE.a2603-P-4100,P,4100.0,2026-02-25,6.0,86,516.0,2580.0,10052528.14,-0.006
2026-01-23,00:00,greeks_breach_delta,S3,y,DCE.y2603-C-8800,C,8800.0,2026-02-25,17.0,44,264.0,647.06,10052528.14,0.0044
2026-01-23,00:00,greeks_breach_delta,S1,eb,DCE.eb2603-P-6900,P,6900.0,2026-02-25,21.0,93,558.0,2699.74,10052528.14,-0.0033
2026-01-23,00:00,greeks_breach_delta,S3,eb,DCE.eb2603-P-6900,P,6900.0,2026-02-25,21.0,92,552.0,2670.71,10052528.14,-0.0033
2026-01-23,00:00,greeks_breach_delta,S3,jd,DCE.jd2603-P-2800,P,2800.0,2026-02-25,7.5,117,702.0,1465.94,10052528.14,0.0026
2026-01-23,00:00,greeks_breach_delta,S1,jd,DCE.jd2603-P-2800,P,2800.0,2026-02-25,7.5,117,702.0,1465.94,10052528.14,0.0026
2026-01-23,00:00,greeks_breach_delta,S3,MO,CFFEX.MO2602-C-8800,C,8800.0,2026-02-24,57.0,2,12.0,-5501.2,10052528.14,-0.0008
2026-01-23,00:00,greeks_breach_delta,S1,MO,CFFEX.MO2602-C-8800,C,8800.0,2026-02-24,57.0,2,12.0,-5501.2,10052528.14,-0.0008
2026-01-23,00:00,greeks_breach_delta,S3,p,DCE.p2603-P-8200,P,8200.0,2026-02-25,17.5,42,252.0,-690.72,10052528.14,-0.0011
2026-01-23,00:00,greeks_breach_delta,S3,i,DCE.i2603-P-740,P,740.0,2026-02-25,1.6,46,276.0,920.0,10052528.14,0.0033
2026-01-23,00:00,greeks_breach_delta,S3,eg,DCE.eg2603-P-3400,P,3400.0,2026-02-25,7.5,99,594.0,-495.0,10052528.14,-0.0089
2026-01-23,00:00,greeks_breach_delta,S1,HO,CFFEX.HO2602-C-3250,C,3250.0,2026-02-24,10.4,6,36.0,850.91,10052528.14,0.0022
2026-01-23,00:00,greeks_breach_delta,S1,IO,CFFEX.IO2602-C-5000,C,5000.0,2026-02-24,13.4,4,24.0,152.34,10052528.14,-0.0002
2026-01-23,00:00,greeks_breach_delta,S1,HO,CFFEX.HO2602-P-2900,P,2900.0,2026-02-24,8.2,6,36.0,-1358.71,10052528.14,0.0016
2026-01-23,00:00,greeks_breach_delta,S1,IO,CFFEX.IO2602-P-4500,P,4500.0,2026-02-24,15.4,3,18.0,426.75,10052528.14,0.002
2026-01-23,00:00,greeks_breach_delta,S3,c,DCE.c2603-C-2460,C,2460.0,2026-02-25,2.5,170,1020.0,-1700.0,10052528.14,0.0043
2026-01-23,00:00,greeks_breach_delta,S3,HO,CFFEX.HO2602-C-3300,C,3300.0,2026-02-24,7.0,6,36.0,613.85,10052528.14,0.0022
2026-01-23,00:00,greeks_breach_delta,S3,m,DCE.m2603-P-2850,P,2850.0,2026-02-25,3.0,126,756.0,-630.0,10052528.14,0.0023
2026-01-23,00:00,greeks_breach_delta,S3,IO,CFFEX.IO2602-C-5100,C,5100.0,2026-02-24,7.8,4,24.0,-96.9,10052528.14,0.0003
2026-01-23,00:00,greeks_breach_delta,S3,y,DCE.y2603-P-7600,P,7600.0,2026-02-25,5.0,46,276.0,-920.0,10052528.14,0.0017
2026-01-23,00:00,greeks_breach_delta,S3,HO,CFFEX.HO2602-P-2850,P,2850.0,2026-02-24,4.8,6,36.0,-800.0,10052528.14,0.0041
2026-01-23,00:00,greeks_breach_delta,S3,c,DCE.c2603-P-2100,P,2100.0,2026-02-25,1.5,170,1020.0,-850.0,10052528.14,0.018
2026-01-23,00:00,greeks_breach_delta,S3,pp,DCE.pp2603-P-5900,P,5900.0,2026-02-25,3.0,120,720.0,-300.0,10052528.14,-0.0011
2026-01-23,00:00,greeks_breach_delta,S3,a,DCE.a2603-P-3900,P,3900.0,2026-02-25,2.0,92,552.0,-460.0,10052528.14,0.0076
2026-01-28,vwap,open_buy,S3,lh,DCE.lh2603-C-11800,C,11800.0,2026-02-25,124.5297,8,0.0,0.0,9969494.42,0.0
2026-01-28,vwap,open_sell,S3,lh,DCE.lh2603-C-12200,C,12200.0,2026-02-25,68.9602,16,0.0,0.0,9969494.42,0.0043
2026-01-28,vwap,open_sell,S1,lh,DCE.lh2603-C-12400,C,12400.0,2026-02-25,52.5694,18,0.0,0.0,9969494.42,0.0062
2026-01-28,vwap,open_buy,S1,lh,DCE.lh2603-C-12000,C,12000.0,2026-02-25,98.6193,9,0.0,0.0,9969494.42,0.0
2026-01-28,vwap,open_buy,S4,lh,DCE.lh2603-P-10000,P,10000.0,2026-02-25,12.7612,5,0.0,0.0,9969494.42,0.0
2026-01-28,vwap,open_buy,S4,lh,DCE.lh2603-C-15200,C,15200.0,2026-02-25,12.5,5,0.0,0.0,9969494.42,0.0
2026-01-28,00:00,greeks_breach_delta,S3,lh,DCE.lh2603-C-12200,C,12200.0,2026-02-25,71.4602,16,96.0,-640.0,9969494.42,0.0043
2026-01-28,00:00,greeks_breach_delta,S1,lh,DCE.lh2603-C-12400,C,12400.0,2026-02-25,55.0694,18,108.0,-720.0,9969494.42,0.0062
2026-01-28,close,s4_dte_exit,S4,lc,GFEX.lc2603-P-72000,P,72000.0,2026-02-06,20.0,5,30.0,0.0,9969494.42,0.0
2026-01-28,close,s4_dte_exit,S4,lc,GFEX.lc2603-C-146000,C,146000.0,2026-02-06,21280.0,1,6.0,16739.49,9969494.42,0.0
2026-01-28,close,s4_dte_exit,S4,si,GFEX.si2603-P-8000,P,8000.0,2026-02-06,4.0,5,30.0,-925.0,9969494.42,0.0
2026-01-28,close,s4_dte_exit,S4,si,GFEX.si2603-C-12000,C,12000.0,2026-02-06,2.0,5,30.0,-225.0,9969494.42,0.0
2026-01-28,close,s4_dte_exit,S4,ps,GFEX.ps2603-P-28000,P,28000.0,2026-02-06,2.0,5,30.0,0.0,9969494.42,0.0
2026-01-28,close,s4_dte_exit,S4,ps,GFEX.ps2603-C-70000,C,70000.0,2026-02-06,20.0,1,6.0,-1583.59,9969494.42,0.0
2026-01-29,vwap,open_buy,S3,cs,DCE.cs2603-C-2650,C,2650.0,2026-02-25,4.0,77,0.0,0.0,10016641.04,0.0
2026-01-29,vwap,open_sell,S3,cs,DCE.cs2603-C-2750,C,2750.0,2026-02-25,1.0,154,0.0,0.0,10016641.04,0.0199
2026-01-29,vwap,open_sell,S1,cs,DCE.cs2603-C-2650,C,2650.0,2026-02-25,3.0,149,0.0,0.0,10016641.04,0.008
2026-01-29,vwap,open_buy,S1,cs,DCE.cs2603-C-2600,C,2600.0,2026-02-25,7.0833,74,0.0,0.0,10016641.04,0.0
2026-01-29,vwap,open_buy,S4,cs,DCE.cs2603-P-2150,P,2150.0,2026-02-25,1.0,5,0.0,0.0,10016641.04,0.0
2026-01-29,vwap,open_buy,S4,cs,DCE.cs2603-C-3000,C,3000.0,2026-02-25,1.0,5,0.0,0.0,10016641.04,0.0
2026-01-29,00:00,greeks_breach_delta,S1,cs,DCE.cs2603-C-2650,C,2650.0,2026-02-25,3.5,149,894.0,-745.0,10016641.04,0.008
2026-01-29,00:00,greeks_breach_delta,S3,cs,DCE.cs2603-C-2750,C,2750.0,2026-02-25,1.5,154,924.0,-770.0,10016641.04,0.0199
2026-01-31,vwap,open_buy,S3,lc,GFEX.lc2604-C-156000,C,156000.0,2026-03-06,10320.31,3,0.0,0.0,10044201.38,0.0
2026-01-31,vwap,open_sell,S3,lc,GFEX.lc2604-C-164000,C,164000.0,2026-03-06,9190.0,6,0.0,0.0,10044201.38,0.0649
2026-01-31,vwap,open_buy,S4,lc,GFEX.lc2604-P-52000,P,52000.0,2026-03-06,170.0,5,0.0,0.0,10044201.38,0.0
2026-01-31,vwap,open_buy,S4,lc,GFEX.lc2604-C-208000,C,208000.0,2026-03-06,2620.0,1,0.0,0.0,10044201.38,0.0
2026-01-31,vwap,open_buy,S3,si,GFEX.si2604-C-9300,C,9300.0,2026-03-06,180.0,27,0.0,0.0,10044201.38,0.0
2026-01-31,vwap,open_sell,S3,si,GFEX.si2604-C-9500,C,9500.0,2026-03-06,152.0,54,0.0,0.0,10044201.38,0.0212
2026-01-31,vwap,open_sell,S1,si,GFEX.si2604-C-10200,C,10200.0,2026-03-06,64.0,71,0.0,0.0,10044201.38,-0.001
2026-01-31,vwap,open_buy,S1,si,GFEX.si2604-C-9600,C,9600.0,2026-03-06,123.0,35,0.0,0.0,10044201.38,0.0
2026-01-31,vwap,open_buy,S4,si,GFEX.si2604-P-7900,P,7900.0,2026-03-06,21.0,5,0.0,0.0,10044201.38,0.0
2026-01-31,vwap,open_buy,S4,si,GFEX.si2604-C-11000,C,11000.0,2026-03-06,37.0,5,0.0,0.0,10044201.38,0.0
2026-01-31,vwap,open_sell,S1,ps,GFEX.ps2604-C-60000,C,60000.0,2026-03-06,104.0,26,0.0,0.0,10044201.38,
2026-01-31,vwap,open_buy,S4,ps,GFEX.ps2604-P-30500,P,30500.0,2026-03-06,4.0,5,0.0,0.0,10044201.38,0.0
2026-01-31,vwap,open_buy,S4,ps,GFEX.ps2604-C-69000,C,69000.0,2026-03-06,151.0,2,0.0,0.0,10044201.38,0.0
2026-01-31,00:00,greeks_breach_delta,S3,si,GFEX.si2604-C-9500,C,9500.0,2026-03-06,153.0,54,324.0,-270.0,10044201.38,0.0212
2026-01-31,00:00,greeks_breach_delta,S1,si,GFEX.si2604-C-10200,C,10200.0,2026-03-06,65.0,71,426.0,-355.0,10044201.38,-0.001
2026-01-31,00:00,greeks_breach_delta,S3,lc,GFEX.lc2604-C-164000,C,164000.0,2026-03-06,9200.0,6,36.0,-60.0,10044201.38,0.0649
2026-01-31,00:00,greeks_breach_delta,S1,ps,GFEX.ps2604-C-60000,C,60000.0,2026-03-06,105.0,26,156.0,-78.0,10044201.38,
2026-02-05,close,expiry,S3,lc,GFEX.lc2603-C-134000,C,134000.0,2026-02-06,2170.0,6,36.0,-37206.0,9741458.95,0.0
2026-02-05,close,expiry,S1,lc,GFEX.lc2603-P-116000,P,116000.0,2026-02-06,30.0,12,72.0,-26091.43,9741458.95,0.0
2026-02-05,close,expiry,S3,si,GFEX.si2603-C-9200,C,9200.0,2026-02-06,2.0,31,186.0,-20305.0,9741458.95,0.0
2026-02-05,close,expiry,S1,si,GFEX.si2603-C-9300,C,9300.0,2026-02-06,1.0,38,228.0,-19380.0,9741458.95,0.0
2026-02-05,close,expiry,S3,ps,GFEX.ps2603-P-56000,P,56000.0,2026-02-06,6747.0,9,54.0,172409.82,9741458.95,0.0
2026-02-05,close,expiry,S3,ps,GFEX.ps2603-C-62000,C,62000.0,2026-02-06,3.0,8,48.0,-23904.0,9741458.95,0.0
2026-02-05,close,expiry,S1,ps,GFEX.ps2603-P-55000,P,55000.0,2026-02-06,6344.0,9,54.0,163045.35,9741458.95,0.0
2026-02-05,close,expiry,S1,ps,GFEX.ps2603-C-65000,C,65000.0,2026-02-06,3.0,8,48.0,-21369.09,9741458.95,0.0
2026-02-11,vwap,open_buy,S3,eb,DCE.eb2604-C-7800,C,7800.0,2026-03-17,107.0,36,0.0,0.0,9407190.95,0.0
2026-02-11,vwap,open_sell,S3,eb,DCE.eb2604-C-8000,C,8000.0,2026-03-17,79.5,72,0.0,0.0,9407190.95,0.0
2026-02-11,vwap,open_sell,S1,eb,DCE.eb2604-C-8300,C,8300.0,2026-03-17,44.0,82,0.0,0.0,9407190.95,0.0031
2026-02-11,vwap,open_buy,S1,eb,DCE.eb2604-C-8000,C,8000.0,2026-03-17,80.5,41,0.0,0.0,9407190.95,0.0
2026-02-11,vwap,open_buy,S4,eb,DCE.eb2604-P-6100,P,6100.0,2026-03-17,6.5,5,0.0,0.0,9407190.95,0.0
2026-02-11,vwap,open_buy,S4,eb,DCE.eb2604-C-8500,C,8500.0,2026-03-17,31.5,5,0.0,0.0,9407190.95,0.0
2026-02-11,vwap,open_buy,S3,v,DCE.v2604-C-5200,C,5200.0,2026-03-17,55.0,58,0.0,0.0,9407190.95,0.0
2026-02-11,vwap,open_sell,S3,v,DCE.v2604-C-5300,C,5300.0,2026-03-17,39.0,116,0.0,0.0,9407190.95,0.0046
2026-02-11,vwap,open_sell,S1,v,DCE.v2604-C-5400,C,5400.0,2026-03-17,30.0,123,0.0,0.0,9407190.95,0.006
2026-02-11,vwap,open_buy,S1,v,DCE.v2604-C-5300,C,5300.0,2026-03-17,40.0,61,0.0,0.0,9407190.95,0.0
2026-02-11,vwap,open_buy,S4,v,DCE.v2604-P-4550,P,4550.0,2026-03-17,14.0,5,0.0,0.0,9407190.95,0.0
2026-02-11,vwap,open_buy,S4,v,DCE.v2604-C-6200,C,6200.0,2026-03-17,8.5,5,0.0,0.0,9407190.95,0.0
2026-02-11,vwap,open_buy,S3,i,DCE.i2604-C-810,C,810.0,2026-03-17,4.3,21,0.0,0.0,9407190.95,0.0
2026-02-11,vwap,open_sell,S3,i,DCE.i2604-C-830,C,830.0,2026-03-17,2.2,42,0.0,0.0,9407190.95,-0.0069
2026-02-11,vwap,open_sell,S1,i,DCE.i2604-C-820,C,820.0,2026-03-17,2.9,42,0.0,0.0,9407190.95,-0.0108
2026-02-11,vwap,open_buy,S1,i,DCE.i2604-C-810,C,810.0,2026-03-17,4.3,21,0.0,0.0,9407190.95,0.0
2026-02-11,vwap,open_buy,S4,i,DCE.i2604-P-620,P,620.0,2026-03-17,0.5,5,0.0,0.0,9407190.95,0.0
2026-02-11,vwap,open_buy,S4,i,DCE.i2604-C-950,C,950.0,2026-03-17,0.4,5,0.0,0.0,9407190.95,0.0
2026-02-11,vwap,open_buy,S3,p,DCE.p2604-C-9300,C,9300.0,2026-03-17,72.0,17,0.0,0.0,9407190.95,0.0
2026-02-11,vwap,open_sell,S3,p,DCE.p2604-C-9500,C,9500.0,2026-03-17,40.5,34,0.0,0.0,9407190.95,-0.0042
2026-02-11,vwap,open_sell,S1,p,DCE.p2604-C-9500,C,9500.0,2026-03-17,40.5,35,0.0,0.0,9407190.95,-0.0042
2026-02-11,vwap,open_buy,S1,p,DCE.p2604-C-9300,C,9300.0,2026-03-17,72.0,17,0.0,0.0,9407190.95,0.0
2026-02-11,vwap,open_buy,S4,p,DCE.p2604-P-7900,P,7900.0,2026-03-17,10.5,5,0.0,0.0,9407190.95,0.0
2026-02-11,vwap,open_buy,S4,p,DCE.p2604-C-10800,C,10800.0,2026-03-17,10.5,5,0.0,0.0,9407190.95,0.0
2026-02-11,vwap,open_buy,S3,jd,DCE.jd2604-C-3300,C,3300.0,2026-03-17,30.9,48,0.0,0.0,9407190.95,0.0
2026-02-11,vwap,open_sell,S3,jd,DCE.jd2604-C-3400,C,3400.0,2026-03-17,18.625,96,0.0,0.0,9407190.95,0.0156
2026-02-11,vwap,open_sell,S1,jd,DCE.jd2604-C-3450,C,3450.0,2026-03-17,14.2857,101,0.0,0.0,9407190.95,0.0104
2026-02-11,vwap,open_buy,S1,jd,DCE.jd2604-C-3350,C,3350.0,2026-03-17,26.4792,50,0.0,0.0,9407190.95,0.0
2026-02-11,vwap,open_buy,S4,jd,DCE.jd2604-P-2700,P,2700.0,2026-03-17,2.2778,5,0.0,0.0,9407190.95,0.0
2026-02-11,vwap,open_buy,S4,jd,DCE.jd2604-C-3750,C,3750.0,2026-03-17,5.0,5,0.0,0.0,9407190.95,0.0
2026-02-11,vwap,open_buy,S3,jm,DCE.jm2604-C-1100,C,1100.0,2026-03-17,36.8313,14,0.0,0.0,9407190.95,0.0
2026-02-11,vwap,open_sell,S3,jm,DCE.jm2604-C-1140,C,1140.0,2026-03-17,26.3,28,0.0,0.0,9407190.95,-0.0005
2026-02-11,vwap,open_sell,S1,jm,DCE.jm2604-C-1260,C,1260.0,2026-03-17,11.5,41,0.0,0.0,9407190.95,0.0039
2026-02-11,vwap,open_buy,S1,jm,DCE.jm2604-C-1180,C,1180.0,2026-03-17,18.9,20,0.0,0.0,9407190.95,0.0
2026-02-11,vwap,open_buy,S4,jm,DCE.jm2604-P-930,P,930.0,2026-03-17,5.6,3,0.0,0.0,9407190.95,0.0
2026-02-11,vwap,open_buy,S4,jm,DCE.jm2604-C-1280,C,1280.0,2026-03-17,9.5984,2,0.0,0.0,9407190.95,0.0
2026-02-11,vwap,open_buy,S3,eg,DCE.eg2604-C-3900,C,3900.0,2026-03-17,43.5,42,0.0,0.0,9407190.95,0.0
2026-02-11,vwap,open_sell,S3,eg,DCE.eg2604-C-4100,C,4100.0,2026-03-17,18.5,84,0.0,0.0,9407190.95,
2026-02-11,vwap,open_sell,S1,eg,DCE.eg2604-C-4100,C,4100.0,2026-03-17,18.5,84,0.0,0.0,9407190.95,
2026-02-11,vwap,open_buy,S4,eg,DCE.eg2604-C-4200,C,4200.0,2026-03-17,4.5,5,0.0,0.0,9407190.95,0.0
2026-02-11,vwap,open_buy,S3,pp,DCE.pp2604-C-7000,C,7000.0,2026-03-17,37.5,50,0.0,0.0,9407190.95,0.0
2026-02-11,vwap,open_sell,S3,pp,DCE.pp2604-C-7200,C,7200.0,2026-03-17,18.0,100,0.0,0.0,9407190.95,0.0047
2026-02-11,vwap,open_sell,S1,pp,DCE.pp2604-C-7200,C,7200.0,2026-03-17,18.0,101,0.0,0.0,9407190.95,0.0047
2026-02-11,vwap,open_buy,S1,pp,DCE.pp2604-C-7000,C,7000.0,2026-03-17,37.5,50,0.0,0.0,9407190.95,0.0
2026-02-11,vwap,open_buy,S4,pp,DCE.pp2604-P-5900,P,5900.0,2026-03-17,2.5,5,0.0,0.0,9407190.95,0.0
2026-02-11,vwap,open_buy,S4,pp,DCE.pp2604-C-8000,C,8000.0,2026-03-17,5.5,5,0.0,0.0,9407190.95,0.0
2026-02-11,vwap,open_buy,S3,pg,DCE.pg2604-C-4800,C,4800.0,2026-03-17,86.0,12,0.0,0.0,9407190.95,0.0
2026-02-11,vwap,open_sell,S3,pg,DCE.pg2604-C-4900,C,4900.0,2026-03-17,68.4,24,0.0,0.0,9407190.95,0.0007
2026-02-11,vwap,open_buy,S4,pg,DCE.pg2604-P-3950,P,3950.0,2026-03-17,3.4,5,0.0,0.0,9407190.95,0.0
2026-02-11,vwap,open_buy,S4,pg,DCE.pg2604-C-5100,C,5100.0,2026-03-17,42.4,1,0.0,0.0,9407190.95,0.0
2026-02-11,09:15,greeks_breach_delta,S3,eb,DCE.eb2604-C-8000,C,8000.0,2026-03-17,77.0,72,432.0,900.0,9407190.95,0.0
2026-02-11,09:15,greeks_breach_delta,S3,pg,DCE.pg2604-C-4900,C,4900.0,2026-03-17,68.6,24,144.0,-96.0,9407190.95,0.0007
2026-02-11,09:15,greeks_breach_delta,S3,jm,DCE.jm2604-C-1140,C,1140.0,2026-03-17,26.3,28,168.0,0.0,9407190.95,-0.0005
2026-02-11,09:15,greeks_breach_delta,S3,v,DCE.v2604-C-5300,C,5300.0,2026-03-17,39.5,116,696.0,-290.0,9407190.95,0.0046
2026-02-11,09:15,greeks_breach_delta,S3,jd,DCE.jd2604-C-3400,C,3400.0,2026-03-17,20.5,96,576.0,-1800.0,9407190.95,0.0156
2026-02-11,09:15,greeks_breach_delta,S1,i,DCE.i2604-C-820,C,820.0,2026-03-17,3.1,42,252.0,-840.0,9407190.95,-0.0108
2026-02-11,09:15,greeks_breach_delta,S1,p,DCE.p2604-C-9500,C,9500.0,2026-03-17,41.0,35,210.0,-175.0,9407190.95,-0.0042
2026-02-11,09:15,greeks_breach_delta,S1,v,DCE.v2604-C-5400,C,5400.0,2026-03-17,30.5,123,738.0,-307.5,9407190.95,0.006
2026-02-11,09:15,greeks_breach_delta,S3,p,DCE.p2604-C-9500,C,9500.0,2026-03-17,41.0,34,204.0,-170.0,9407190.95,-0.0042
2026-02-11,09:15,greeks_breach_delta,S1,jd,DCE.jd2604-C-3450,C,3450.0,2026-03-17,16.0,101,606.0,-1731.43,9407190.95,0.0104
2026-02-11,09:15,greeks_breach_delta,S1,eb,DCE.eb2604-C-8300,C,8300.0,2026-03-17,44.5,82,492.0,-205.0,9407190.95,0.0031
2026-02-11,09:15,greeks_breach_delta,S3,eg,DCE.eg2604-C-4100,C,4100.0,2026-03-17,19.0,84,504.0,-420.0,9407190.95,
2026-02-11,09:15,greeks_breach_delta,S1,eg,DCE.eg2604-C-4100,C,4100.0,2026-03-17,19.0,84,504.0,-420.0,9407190.95,
2026-02-11,09:15,greeks_breach_delta,S1,jm,DCE.jm2604-C-1260,C,1260.0,2026-03-17,10.7,41,246.0,1968.0,9407190.95,0.0039
2026-02-11,09:15,greeks_breach_delta,S3,i,DCE.i2604-C-830,C,830.0,2026-03-17,2.3,42,252.0,-420.0,9407190.95,-0.0069
2026-02-11,09:15,greeks_breach_delta,S1,pp,DCE.pp2604-C-7200,C,7200.0,2026-03-17,18.5,101,606.0,-252.5,9407190.95,0.0047
2026-02-11,09:15,greeks_breach_delta,S3,pp,DCE.pp2604-C-7200,C,7200.0,2026-03-17,18.5,100,600.0,-250.0,9407190.95,0.0047
2026-02-12,vwap,open_sell,S1,b,DCE.b2604-C-4050,C,4050.0,2026-03-17,14.0,90,0.0,0.0,9409757.49,
2026-02-12,vwap,open_buy,S4,b,DCE.b2604-C-4050,C,4050.0,2026-03-17,15.0,5,0.0,0.0,9409757.49,0.0
2026-02-12,vwap,open_buy,S3,l,DCE.l2604-C-7100,C,7100.0,2026-03-17,39.5,48,0.0,0.0,9409757.49,0.0
2026-02-12,vwap,open_sell,S3,l,DCE.l2604-C-7300,C,7300.0,2026-03-17,24.5,96,0.0,0.0,9409757.49,0.0053
2026-02-12,vwap,open_sell,S1,l,DCE.l2604-C-7200,C,7200.0,2026-03-17,28.5,95,0.0,0.0,9409757.49,0.0002
2026-02-12,vwap,open_buy,S1,l,DCE.l2604-C-7100,C,7100.0,2026-03-17,39.5,47,0.0,0.0,9409757.49,0.0
2026-02-12,vwap,open_buy,S4,l,DCE.l2604-P-6000,P,6000.0,2026-03-17,2.5,5,0.0,0.0,9409757.49,0.0
2026-02-12,vwap,open_buy,S4,l,DCE.l2604-C-7600,C,7600.0,2026-03-17,15.0,5,0.0,0.0,9409757.49,0.0
2026-02-12,00:00,greeks_breach_delta,S1,l,DCE.l2604-C-7200,C,7200.0,2026-03-17,29.0,95,570.0,-237.5,9409757.49,0.0002
2026-02-12,00:00,greeks_breach_delta,S3,l,DCE.l2604-C-7300,C,7300.0,2026-03-17,25.0,96,576.0,-240.0,9409757.49,0.0053
2026-02-12,00:00,greeks_breach_delta,S1,b,DCE.b2604-C-4050,C,4050.0,2026-03-17,14.5,90,540.0,-450.0,9409757.49,
2026-02-24,vwap,open_buy,S3,MO,CFFEX.MO2603-C-8600,C,8600.0,2026-03-20,95.6913,1,0.0,0.0,9427157.99,0.0
2026-02-24,vwap,open_sell,S3,MO,CFFEX.MO2603-C-8800,C,8800.0,2026-03-20,57.0945,2,0.0,0.0,9427157.99,-0.0045
2026-02-24,vwap,open_sell,S1,MO,CFFEX.MO2603-C-9000,C,9000.0,2026-03-20,37.2519,2,0.0,0.0,9427157.99,0.0053
2026-02-24,vwap,open_buy,S1,MO,CFFEX.MO2603-C-8700,C,8700.0,2026-03-20,73.5661,1,0.0,0.0,9427157.99,0.0
2026-02-24,vwap,open_buy,S4,MO,CFFEX.MO2603-P-4900,P,4900.0,2026-03-20,1.6495,4,0.0,0.0,9427157.99,0.0
2026-02-24,vwap,open_buy,S4,MO,CFFEX.MO2603-C-9400,C,9400.0,2026-03-20,14.4154,1,0.0,0.0,9427157.99,0.0
2026-02-24,vwap,open_buy,S3,IO,CFFEX.IO2603-C-4850,C,4850.0,2026-03-20,23.3817,1,0.0,0.0,9427157.99,0.0
2026-02-24,vwap,open_sell,S3,IO,CFFEX.IO2603-C-5000,C,5000.0,2026-03-20,9.5397,2,0.0,0.0,9427157.99,-0.0011
2026-02-24,vwap,open_sell,S1,IO,CFFEX.IO2603-C-4950,C,4950.0,2026-03-20,11.74,3,0.0,0.0,9427157.99,-0.0094
2026-02-24,vwap,open_buy,S1,IO,CFFEX.IO2603-C-4850,C,4850.0,2026-03-20,23.3817,1,0.0,0.0,9427157.99,0.0
2026-02-24,vwap,open_buy,S4,IO,CFFEX.IO2603-P-3200,P,3200.0,2026-03-20,1.5714,5,0.0,0.0,9427157.99,0.0
2026-02-24,vwap,open_buy,S4,IO,CFFEX.IO2603-C-5400,C,5400.0,2026-03-20,4.1359,2,0.0,0.0,9427157.99,0.0
2026-02-24,vwap,open_buy,S3,HO,CFFEX.HO2603-C-3150,C,3150.0,2026-03-20,18.5015,2,0.0,0.0,9427157.99,0.0
2026-02-24,vwap,open_sell,S3,HO,CFFEX.HO2603-C-3250,C,3250.0,2026-03-20,7.6941,4,0.0,0.0,9427157.99,-0.0054
2026-02-24,vwap,open_sell,S1,HO,CFFEX.HO2603-C-3250,C,3250.0,2026-03-20,7.6941,5,0.0,0.0,9427157.99,-0.0054
2026-02-24,vwap,open_buy,S1,HO,CFFEX.HO2603-C-3150,C,3150.0,2026-03-20,18.5015,2,0.0,0.0,9427157.99,0.0
2026-02-24,vwap,open_buy,S4,HO,CFFEX.HO2603-P-2250,P,2250.0,2026-03-20,0.6,5,0.0,0.0,9427157.99,0.0
2026-02-24,vwap,open_buy,S4,HO,CFFEX.HO2603-C-3500,C,3500.0,2026-03-20,3.7333,2,0.0,0.0,9427157.99,0.0
2026-02-24,09:00,greeks_breach_delta,S3,MO,CFFEX.MO2603-C-8800,C,8800.0,2026-03-20,57.2945,2,12.0,-40.0,9427157.99,-0.0045
2026-02-24,09:00,greeks_breach_delta,S1,MO,CFFEX.MO2603-C-9000,C,9000.0,2026-03-20,37.4519,2,12.0,-40.0,9427157.99,0.0053
2026-02-24,09:00,greeks_breach_delta,S1,HO,CFFEX.HO2603-C-3250,C,3250.0,2026-03-20,7.8941,5,30.0,-100.0,9427157.99,-0.0054
2026-02-24,09:00,greeks_breach_delta,S1,IO,CFFEX.IO2603-C-4950,C,4950.0,2026-03-20,11.94,3,18.0,-60.0,9427157.99,-0.0094
2026-02-24,09:00,greeks_breach_delta,S3,HO,CFFEX.HO2603-C-3250,C,3250.0,2026-03-20,7.8941,4,24.0,-80.0,9427157.99,-0.0054
2026-02-24,09:00,greeks_breach_delta,S3,IO,CFFEX.IO2603-C-5000,C,5000.0,2026-03-20,9.7397,2,12.0,-40.0,9427157.99,-0.0011
2026-02-24,close,expiry,S3,MO,CFFEX.MO2602-C-8600,C,8600.0,2026-02-24,0.2,1,6.0,-5324.48,9427157.99,0.0
2026-02-24,close,expiry,S1,MO,CFFEX.MO2602-C-8600,C,8600.0,2026-02-24,0.2,1,6.0,-5324.48,9427157.99,0.0
2026-02-24,close,expiry,S4,MO,CFFEX.MO2602-P-6300,P,6300.0,2026-02-24,0.2,4,24.0,-1120.0,9427157.99,0.0
2026-02-24,close,expiry,S4,MO,CFFEX.MO2602-C-9200,C,9200.0,2026-02-24,0.2,1,6.0,-1173.78,9427157.99,0.0
2026-02-24,close,expiry,S3,IO,CFFEX.IO2602-C-4950,C,4950.0,2026-02-24,0.2,2,12.0,-3638.91,9427157.99,0.0
2026-02-24,close,expiry,S1,IO,CFFEX.IO2602-C-4900,C,4900.0,2026-02-24,0.2,2,12.0,-5094.98,9427157.99,0.0
2026-02-24,close,expiry,S1,IO,CFFEX.IO2602-P-4550,P,4550.0,2026-02-24,0.2,1,6.0,-2330.11,9427157.99,0.0
2026-02-24,close,expiry,S4,IO,CFFEX.IO2602-P-4000,P,4000.0,2026-02-24,0.2,5,30.0,-700.0,9427157.99,0.0
2026-02-24,close,expiry,S4,IO,CFFEX.IO2602-C-5300,C,5300.0,2026-02-24,0.2,2,12.0,-872.25,9427157.99,0.0
2026-02-24,close,expiry,S3,HO,CFFEX.HO2602-C-3250,C,3250.0,2026-02-24,0.2,3,18.0,-3605.45,9427157.99,0.0
2026-02-24,close,expiry,S3,HO,CFFEX.HO2602-P-2900,P,2900.0,2026-02-24,0.2,3,18.0,-1840.65,9427157.99,0.0
2026-02-24,close,expiry,S1,HO,CFFEX.HO2602-C-3200,C,3200.0,2026-02-24,0.2,3,18.0,-5686.53,9427157.99,0.0
2026-02-24,close,expiry,S1,HO,CFFEX.HO2602-P-2950,P,2950.0,2026-02-24,0.2,3,18.0,-3208.29,9427157.99,0.0
2026-02-24,close,expiry,S4,HO,CFFEX.HO2602-P-2650,P,2650.0,2026-02-24,0.2,5,30.0,-500.0,9427157.99,0.0
2026-02-24,close,expiry,S4,HO,CFFEX.HO2602-C-3500,C,3500.0,2026-02-24,0.2,3,18.0,-1052.81,9427157.99,0.0
2026-02-24,close,expiry,S3,eb,DCE.eb2603-C-7900,C,7900.0,2026-02-25,0.5,36,216.0,-19563.33,9427157.99,0.0
2026-02-24,close,expiry,S3,eb,DCE.eb2603-P-7100,P,7100.0,2026-02-25,0.5,46,276.0,-14794.14,9427157.99,0.0
2026-02-24,close,expiry,S1,eb,DCE.eb2603-C-8100,C,8100.0,2026-02-25,0.5,41,246.0,-16335.94,9427157.99,0.0
2026-02-24,close,expiry,S1,eb,DCE.eb2603-P-7100,P,7100.0,2026-02-25,0.5,46,276.0,-14794.14,9427157.99,0.0
2026-02-24,close,expiry,S4,eb,DCE.eb2603-P-5800,P,5800.0,2026-02-25,1.0,5,30.0,0.0,9427157.99,0.0
2026-02-24,close,expiry,S4,eb,DCE.eb2603-C-8400,C,8400.0,2026-02-25,0.5,4,24.0,-1033.15,9427157.99,0.0
2026-02-24,close,expiry,S3,m,DCE.m2603-C-3200,C,3200.0,2026-02-25,0.5,61,366.0,-7632.62,9427157.99,0.0
2026-02-24,close,expiry,S3,m,DCE.m2603-P-2900,P,2900.0,2026-02-25,0.5,63,378.0,-3293.18,9427157.99,0.0
2026-02-24,close,expiry,S1,m,DCE.m2603-C-3200,C,3200.0,2026-02-25,0.5,59,354.0,-7382.38,9427157.99,0.0
2026-02-24,close,expiry,S4,m,DCE.m2603-P-2500,P,2500.0,2026-02-25,0.5,5,30.0,-25.0,9427157.99,0.0
2026-02-24,close,expiry,S4,m,DCE.m2603-C-3450,C,3450.0,2026-02-25,0.5,5,30.0,-100.0,9427157.99,0.0
2026-02-24,close,expiry,S3,c,DCE.c2603-C-2400,C,2400.0,2026-02-25,0.5,85,510.0,-3231.77,9427157.99,0.0
2026-02-24,close,expiry,S3,c,DCE.c2603-P-2160,P,2160.0,2026-02-25,0.5,85,510.0,-2125.0,9427157.99,0.0
2026-02-24,close,expiry,S1,c,DCE.c2603-C-2340,C,2340.0,2026-02-25,0.5,81,486.0,-6550.78,9427157.99,0.0
2026-02-24,close,expiry,S1,c,DCE.c2603-P-2220,P,2220.0,2026-02-25,0.5,81,486.0,-4870.78,9427157.99,0.0
2026-02-24,close,expiry,S4,c,DCE.c2603-P-1880,P,1880.0,2026-02-25,0.5,5,30.0,-25.0,9427157.99,0.0
2026-02-24,close,expiry,S4,c,DCE.c2603-C-2560,C,2560.0,2026-02-25,0.5,5,30.0,-75.0,9427157.99,0.0
2026-02-24,close,expiry,S3,v,DCE.v2603-C-4750,C,4750.0,2026-02-25,7.0,74,444.0,-11716.67,9427157.99,0.0
2026-02-24,close,expiry,S1,v,DCE.v2603-C-4750,C,4750.0,2026-02-25,7.0,74,444.0,-11716.67,9427157.99,0.0
2026-02-24,close,expiry,S4,v,DCE.v2603-P-3900,P,3900.0,2026-02-25,0.5,5,30.0,-25.0,9427157.99,0.0
2026-02-24,close,expiry,S4,v,DCE.v2603-C-6000,C,6000.0,2026-02-25,0.5,5,30.0,-62.5,9427157.99,0.0
2026-02-24,close,expiry,S3,p,DCE.p2603-C-9300,C,9300.0,2026-02-25,0.5,19,114.0,-12928.26,9427157.99,0.0
2026-02-24,close,expiry,S3,p,DCE.p2603-P-8400,P,8400.0,2026-02-25,0.5,21,126.0,-7409.66,9427157.99,0.0
2026-02-24,close,expiry,S1,p,DCE.p2603-C-9300,C,9300.0,2026-02-25,0.5,19,114.0,-12928.26,9427157.99,0.0
2026-02-24,close,expiry,S1,p,DCE.p2603-P-8500,P,8500.0,2026-02-25,0.5,20,120.0,-10551.72,9427157.99,0.0
2026-02-24,close,expiry,S4,p,DCE.p2603-P-6800,P,6800.0,2026-02-25,1.0,5,30.0,-75.0,9427157.99,0.0
2026-02-24,close,expiry,S4,p,DCE.p2603-C-10800,C,10800.0,2026-02-25,0.5,5,30.0,-334.83,9427157.99,0.0
2026-02-24,close,expiry,S3,i,DCE.i2603-C-840,C,840.0,2026-02-25,0.1,22,132.0,-8232.63,9427157.99,0.0
2026-02-24,close,expiry,S3,i,DCE.i2603-P-760,P,760.0,2026-02-25,0.3,23,138.0,-8359.62,9427157.99,0.0
2026-02-24,close,expiry,S1,i,DCE.i2603-C-830,C,830.0,2026-02-25,0.1,22,132.0,-11611.11,9427157.99,0.0
2026-02-24,close,expiry,S1,i,DCE.i2603-P-770,P,770.0,2026-02-25,2.9,22,132.0,-6395.28,9427157.99,0.0
2026-02-24,close,expiry,S4,i,DCE.i2603-P-600,P,600.0,2026-02-25,0.1,5,30.0,-50.0,9427157.99,0.0
2026-02-24,close,expiry,S4,i,DCE.i2603-C-950,C,950.0,2026-02-25,0.1,5,30.0,-200.0,9427157.99,0.0
2026-02-24,close,expiry,S3,jd,DCE.jd2603-C-3200,C,3200.0,2026-02-25,0.5,54,324.0,-13144.25,9427157.99,0.0
2026-02-24,close,expiry,S3,jd,DCE.jd2603-P-2900,P,2900.0,2026-02-25,0.5,39,234.0,-11273.68,9427157.99,0.0
2026-02-24,close,expiry,S1,jd,DCE.jd2603-C-3200,C,3200.0,2026-02-25,0.5,57,342.0,-13874.49,9427157.99,0.0
2026-02-24,close,expiry,S1,jd,DCE.jd2603-P-2900,P,2900.0,2026-02-25,0.5,58,348.0,-16765.99,9427157.99,0.0
2026-02-24,close,expiry,S4,jd,DCE.jd2603-P-2600,P,2600.0,2026-02-25,0.5,5,30.0,-66.07,9427157.99,0.0
2026-02-24,close,expiry,S4,jd,DCE.jd2603-C-3600,C,3600.0,2026-02-25,0.5,5,30.0,-171.71,9427157.99,0.0
2026-02-24,close,expiry,S3,y,DCE.y2603-C-8600,C,8600.0,2026-02-25,0.5,22,132.0,-7964.85,9427157.99,0.0
2026-02-24,close,expiry,S3,y,DCE.y2603-P-7800,P,7800.0,2026-02-25,0.5,23,138.0,-2357.5,9427157.99,0.0
2026-02-24,close,expiry,S1,y,DCE.y2603-C-8500,C,8500.0,2026-02-25,0.5,22,132.0,-10969.11,9427157.99,0.0
2026-02-24,close,expiry,S1,y,DCE.y2603-P-8000,P,8000.0,2026-02-25,0.5,22,132.0,-8161.23,9427157.99,0.0
2026-02-24,close,expiry,S4,y,DCE.y2603-P-6600,P,6600.0,2026-02-25,1.0,5,30.0,-25.0,9427157.99,0.0
2026-02-24,close,expiry,S4,y,DCE.y2603-C-9400,C,9400.0,2026-02-25,0.5,5,30.0,-325.0,9427157.99,0.0
2026-02-24,close,expiry,S3,a,DCE.a2603-C-4450,C,4450.0,2026-02-25,137.5,44,264.0,53460.0,9427157.99,0.0
2026-02-24,close,expiry,S3,a,DCE.a2603-P-4050,P,4050.0,2026-02-25,0.5,46,276.0,-3220.0,9427157.99,0.0
2026-02-24,close,expiry,S1,a,DCE.a2603-C-4400,C,4400.0,2026-02-25,188.5,42,252.0,69510.0,9427157.99,0.0
2026-02-24,close,expiry,S1,a,DCE.a2603-P-4150,P,4150.0,2026-02-25,0.5,43,258.0,-6880.0,9427157.99,0.0
2026-02-24,close,expiry,S4,a,DCE.a2603-P-3700,P,3700.0,2026-02-25,0.5,5,30.0,-50.0,9427157.99,0.0
2026-02-24,close,expiry,S4,a,DCE.a2603-C-4750,C,4750.0,2026-02-25,0.5,5,30.0,-150.0,9427157.99,0.0
2026-02-24,close,expiry,S3,pp,DCE.pp2603-C-6800,C,6800.0,2026-02-25,1.0,55,330.0,-8229.38,9427157.99,0.0
2026-02-24,close,expiry,S3,pp,DCE.pp2603-P-6100,P,6100.0,2026-02-25,0.5,40,240.0,-1600.0,9427157.99,0.0
2026-02-24,close,expiry,S1,pp,DCE.pp2603-C-6700,C,6700.0,2026-02-25,3.0,55,330.0,-9350.0,9427157.99,0.0
2026-02-24,close,expiry,S4,pp,DCE.pp2603-P-5600,P,5600.0,2026-02-25,0.5,5,30.0,-37.5,9427157.99,0.0
2026-02-24,close,expiry,S4,pp,DCE.pp2603-C-8000,C,8000.0,2026-02-25,0.5,5,30.0,-50.0,9427157.99,0.0
2026-02-24,close,expiry,S3,pg,DCE.pg2603-C-4300,C,4300.0,2026-02-25,5.2,18,108.0,-16416.0,9427157.99,0.0
2026-02-24,close,expiry,S3,pg,DCE.pg2603-P-3900,P,3900.0,2026-02-25,0.2,22,132.0,-9251.28,9427157.99,0.0
2026-02-24,close,expiry,S4,pg,DCE.pg2603-P-3500,P,3500.0,2026-02-25,0.2,5,30.0,-100.0,9427157.99,0.0
2026-02-24,close,expiry,S4,pg,DCE.pg2603-C-4800,C,4800.0,2026-02-25,0.2,4,24.0,-1035.84,9427157.99,0.0
2026-02-24,close,expiry,S3,eg,DCE.eg2603-P-3500,P,3500.0,2026-02-25,0.5,33,198.0,-7301.25,9427157.99,0.0
2026-02-24,close,expiry,S1,eg,DCE.eg2603-P-3550,P,3550.0,2026-02-25,0.5,47,282.0,-16349.29,9427157.99,0.0
2026-02-24,close,expiry,S4,eg,DCE.eg2603-P-3200,P,3200.0,2026-02-25,1.5,5,30.0,0.0,9427157.99,0.0
2026-02-24,close,expiry,S4,eg,DCE.eg2603-C-5000,C,5000.0,2026-02-25,0.5,5,30.0,-257.75,9427157.99,0.0
2026-02-24,close,expiry,S3,l,DCE.l2603-P-6400,P,6400.0,2026-02-25,0.5,38,228.0,-3633.75,9427157.99,0.0
2026-02-24,close,expiry,S1,l,DCE.l2603-P-6500,P,6500.0,2026-02-25,1.0,54,324.0,-10665.0,9427157.99,0.0
2026-02-24,close,expiry,S4,l,DCE.l2603-P-5700,P,5700.0,2026-02-25,2.0,5,30.0,12.5,9427157.99,0.0
2026-02-24,close,expiry,S4,l,DCE.l2603-C-8400,C,8400.0,2026-02-25,0.5,5,30.0,-126.19,9427157.99,0.0
2026-02-24,close,expiry,S3,lh,DCE.lh2603-C-11800,C,11800.0,2026-02-25,2.5,8,48.0,-15619.8,9427157.99,0.0
2026-02-24,close,expiry,S1,lh,DCE.lh2603-C-12000,C,12000.0,2026-02-25,2.5,9,54.0,-13841.18,9427157.99,0.0
2026-02-24,close,expiry,S4,lh,DCE.lh2603-P-10000,P,10000.0,2026-02-25,2.5,5,30.0,-820.9,9427157.99,0.0
2026-02-24,close,expiry,S4,lh,DCE.lh2603-C-15200,C,15200.0,2026-02-25,2.5,5,30.0,-800.0,9427157.99,0.0
2026-02-24,close,expiry,S3,cs,DCE.cs2603-C-2650,C,2650.0,2026-02-25,0.5,77,462.0,-2695.0,9427157.99,0.0
2026-02-24,close,expiry,S1,cs,DCE.cs2603-C-2600,C,2600.0,2026-02-25,1.0,74,444.0,-4501.67,9427157.99,0.0
2026-02-24,close,expiry,S4,cs,DCE.cs2603-P-2150,P,2150.0,2026-02-25,0.5,5,30.0,-25.0,9427157.99,0.0
2026-02-24,close,expiry,S4,cs,DCE.cs2603-C-3000,C,3000.0,2026-02-25,0.5,5,30.0,-25.0,9427157.99,0.0
2026-02-25,close,s4_dte_exit,S4,lc,GFEX.lc2604-P-52000,P,52000.0,2026-03-06,10.0,5,30.0,-800.0,9234511.91,0.0
2026-02-25,close,s4_dte_exit,S4,lc,GFEX.lc2604-C-208000,C,208000.0,2026-03-06,390.0,1,6.0,-2230.0,9234511.91,0.0
2026-02-25,close,s4_dte_exit,S4,si,GFEX.si2604-P-7900,P,7900.0,2026-03-06,5.0,5,30.0,-400.0,9234511.91,0.0
2026-02-25,close,s4_dte_exit,S4,si,GFEX.si2604-C-11000,C,11000.0,2026-03-06,1.0,5,30.0,-900.0,9234511.91,0.0
2026-02-25,close,s4_dte_exit,S4,ps,GFEX.ps2604-P-30500,P,30500.0,2026-03-06,10.0,5,30.0,90.0,9234511.91,0.0
2026-02-25,close,s4_dte_exit,S4,ps,GFEX.ps2604-C-69000,C,69000.0,2026-03-06,9.0,2,12.0,-852.0,9234511.91,0.0
2026-03-05,vwap,open_buy,S3,lc,GFEX.lc2605-C-160000,C,160000.0,2026-04-08,13744.566,3,0.0,0.0,9770865.91,0.0
2026-03-05,vwap,open_sell,S3,lc,GFEX.lc2605-C-164000,C,164000.0,2026-04-08,12546.2584,6,0.0,0.0,9770865.91,0.0236
2026-03-05,vwap,open_buy,S4,lc,GFEX.lc2605-P-52000,P,52000.0,2026-04-08,81.4423,5,0.0,0.0,9770865.91,0.0
2026-03-05,vwap,open_buy,S4,lc,GFEX.lc2605-C-212000,C,212000.0,2026-04-08,3998.6557,1,0.0,0.0,9770865.91,0.0
2026-03-05,vwap,open_buy,S3,si,GFEX.si2605-C-8900,C,8900.0,2026-04-08,159.0,31,0.0,0.0,9770865.91,0.0
2026-03-05,vwap,open_sell,S3,si,GFEX.si2605-C-9200,C,9200.0,2026-04-08,100.0,62,0.0,0.0,9770865.91,-0.0038
2026-03-05,vwap,open_sell,S1,si,GFEX.si2605-C-9600,C,9600.0,2026-04-08,67.0,71,0.0,0.0,9770865.91,0.0061
2026-03-05,vwap,open_buy,S1,si,GFEX.si2605-C-9200,C,9200.0,2026-04-08,102.0,35,0.0,0.0,9770865.91,0.0
2026-03-05,vwap,open_buy,S4,si,GFEX.si2605-P-6700,P,6700.0,2026-04-08,4.8333,5,0.0,0.0,9770865.91,0.0
2026-03-05,vwap,open_buy,S4,si,GFEX.si2605-C-11000,C,11000.0,2026-04-08,39.1922,5,0.0,0.0,9770865.91,0.0
2026-03-05,vwap,open_buy,S3,ps,GFEX.ps2605-C-44000,C,44000.0,2026-04-08,2570.425,6,0.0,0.0,9770865.91,0.0
2026-03-05,vwap,open_sell,S3,ps,GFEX.ps2605-C-46000,C,46000.0,2026-04-08,1932.0355,12,0.0,0.0,9770865.91,0.0139
2026-03-05,vwap,open_sell,S1,ps,GFEX.ps2605-C-52000,C,52000.0,2026-04-08,588.0,22,0.0,0.0,9770865.91,-0.0118
2026-03-05,vwap,open_buy,S1,ps,GFEX.ps2605-C-49000,C,49000.0,2026-04-08,1006.2052,11,0.0,0.0,9770865.91,0.0
2026-03-05,vwap,open_buy,S4,ps,GFEX.ps2605-P-28000,P,28000.0,2026-04-08,31.4138,5,0.0,0.0,9770865.91,0.0
2026-03-05,vwap,open_buy,S4,ps,GFEX.ps2605-C-70000,C,70000.0,2026-04-08,94.3469,5,0.0,0.0,9770865.91,0.0
2026-03-05,00:00,greeks_breach_delta,S3,si,GFEX.si2605-C-9200,C,9200.0,2026-04-08,101.0,62,372.0,-310.0,9770865.91,-0.0038
2026-03-05,00:00,greeks_breach_delta,S3,ps,GFEX.ps2605-C-46000,C,46000.0,2026-04-08,1933.9675,12,72.0,-69.55,9770865.91,0.0139
2026-03-05,00:00,greeks_breach_delta,S1,si,GFEX.si2605-C-9600,C,9600.0,2026-04-08,68.0,71,426.0,-355.0,9770865.91,0.0061
2026-03-05,00:00,greeks_breach_delta,S1,ps,GFEX.ps2605-C-52000,C,52000.0,2026-04-08,589.0,22,132.0,-66.0,9770865.91,-0.0118
2026-03-05,00:00,greeks_breach_delta,S3,lc,GFEX.lc2605-C-164000,C,164000.0,2026-04-08,12558.8046,6,36.0,-75.28,9770865.91,0.0236
2026-03-05,close,expiry,S3,lc,GFEX.lc2604-C-156000,C,156000.0,2026-03-06,2400.0,3,18.0,-23760.93,9770865.91,0.0
2026-03-05,close,expiry,S3,si,GFEX.si2604-C-9300,C,9300.0,2026-03-06,1.0,27,162.0,-24165.0,9770865.91,0.0
2026-03-05,close,expiry,S1,si,GFEX.si2604-C-9600,C,9600.0,2026-03-06,2.0,35,210.0,-21175.0,9770865.91,0.0
2026-03-09,close,s4_dte_exit,S4,eb,DCE.eb2604-P-6100,P,6100.0,2026-03-17,9.5,5,30.0,75.0,11016601.05,0.0
2026-03-09,close,s4_dte_exit,S4,eb,DCE.eb2604-C-8500,C,8500.0,2026-03-17,2231.0,5,30.0,54987.5,11016601.05,0.0
2026-03-09,close,s4_dte_exit,S4,v,DCE.v2604-P-4550,P,4550.0,2026-03-17,8.5,5,30.0,-137.5,11016601.05,0.0
2026-03-09,close,s4_dte_exit,S4,v,DCE.v2604-C-6200,C,6200.0,2026-03-17,101.5,5,30.0,2325.0,11016601.05,0.0
2026-03-09,close,s4_dte_exit,S4,i,DCE.i2604-P-620,P,620.0,2026-03-17,0.1,5,30.0,-200.0,11016601.05,0.0
2026-03-09,close,s4_dte_exit,S4,i,DCE.i2604-C-950,C,950.0,2026-03-17,1.1,5,30.0,350.0,11016601.05,0.0
2026-03-09,close,s4_dte_exit,S4,p,DCE.p2604-P-7900,P,7900.0,2026-03-17,2.0,5,30.0,-425.0,11016601.05,0.0
2026-03-09,close,s4_dte_exit,S4,p,DCE.p2604-C-10800,C,10800.0,2026-03-17,118.5,5,30.0,5400.0,11016601.05,0.0
2026-03-09,close,s4_dte_exit,S4,jd,DCE.jd2604-P-2700,P,2700.0,2026-03-17,1.0,5,30.0,-63.89,11016601.05,0.0
2026-03-09,close,s4_dte_exit,S4,jd,DCE.jd2604-C-3750,C,3750.0,2026-03-17,3.5,5,30.0,-75.0,11016601.05,0.0
2026-03-09,close,s4_dte_exit,S4,jm,DCE.jm2604-P-930,P,930.0,2026-03-17,1.3,3,18.0,-774.0,11016601.05,0.0
2026-03-09,close,s4_dte_exit,S4,jm,DCE.jm2604-C-1280,C,1280.0,2026-03-17,10.8,2,12.0,144.2,11016601.05,0.0
2026-03-09,close,s4_dte_exit,S4,eg,DCE.eg2604-C-4200,C,4200.0,2026-03-17,302.5,5,30.0,14900.0,11016601.05,0.0
2026-03-09,close,s4_dte_exit,S4,pp,DCE.pp2604-P-5900,P,5900.0,2026-03-17,1.5,5,30.0,-25.0,11016601.05,0.0
2026-03-09,close,s4_dte_exit,S4,pp,DCE.pp2604-C-8000,C,8000.0,2026-03-17,526.5,5,30.0,13025.0,11016601.05,0.0
2026-03-09,close,s4_dte_exit,S4,pg,DCE.pg2604-P-3950,P,3950.0,2026-03-17,4.8,5,30.0,140.0,11016601.05,0.0
2026-03-09,close,s4_dte_exit,S4,pg,DCE.pg2604-C-5100,C,5100.0,2026-03-17,810.4,1,6.0,15360.0,11016601.05,0.0
2026-03-09,close,s4_dte_exit,S4,b,DCE.b2604-C-4050,C,4050.0,2026-03-17,21.0,5,30.0,300.0,11016601.05,0.0
2026-03-09,close,s4_dte_exit,S4,l,DCE.l2604-P-6000,P,6000.0,2026-03-17,3.5,5,30.0,25.0,11016601.05,0.0
2026-03-09,close,s4_dte_exit,S4,l,DCE.l2604-C-7600,C,7600.0,2026-03-17,826.0,5,30.0,20275.0,11016601.05,0.0
2026-03-11,close,s4_dte_exit,S4,MO,CFFEX.MO2603-P-4900,P,4900.0,2026-03-20,0.8,4,24.0,-339.8,10798531.05,0.0
2026-03-11,close,s4_dte_exit,S4,MO,CFFEX.MO2603-C-9400,C,9400.0,2026-03-20,2.8,1,6.0,-1161.54,10798531.05,0.0
2026-03-11,close,s4_dte_exit,S4,IO,CFFEX.IO2603-P-3200,P,3200.0,2026-03-20,0.6,5,30.0,-485.71,10798531.05,0.0
2026-03-11,close,s4_dte_exit,S4,IO,CFFEX.IO2603-C-5400,C,5400.0,2026-03-20,0.8,2,12.0,-667.18,10798531.05,0.0
2026-03-11,close,s4_dte_exit,S4,HO,CFFEX.HO2603-P-2250,P,2250.0,2026-03-20,0.4,5,30.0,-100.0,10798531.05,0.0
2026-03-11,close,s4_dte_exit,S4,HO,CFFEX.HO2603-C-3500,C,3500.0,2026-03-20,0.8,2,12.0,-586.67,10798531.05,0.0
2026-03-14,vwap,open_buy,S3,eb,DCE.eb2605-C-10600,C,10600.0,2026-04-17,921.4205,11,0.0,0.0,12401739.05,0.0
2026-03-14,vwap,open_sell,S3,eb,DCE.eb2605-C-11000,C,11000.0,2026-04-17,834.165,22,0.0,0.0,12401739.05,0.0187
2026-03-14,vwap,open_buy,S4,eb,DCE.eb2605-P-5800,P,5800.0,2026-04-17,15.0,5,0.0,0.0,12401739.05,0.0
2026-03-14,vwap,open_buy,S4,eb,DCE.eb2605-C-11800,C,11800.0,2026-04-17,664.1635,1,0.0,0.0,12401739.05,0.0
2026-03-14,vwap,open_buy,S3,m,DCE.m2605-C-3250,C,3250.0,2026-04-17,63.0,49,0.0,0.0,12401739.05,0.0
2026-03-14,vwap,open_sell,S3,m,DCE.m2605-C-3350,C,3350.0,2026-04-17,46.5,98,0.0,0.0,12401739.05,0.0051
2026-03-14,vwap,open_buy,S4,m,DCE.m2605-P-2400,P,2400.0,2026-04-17,2.0,5,0.0,0.0,12401739.05,0.0
2026-03-14,vwap,open_buy,S4,m,DCE.m2605-C-3450,C,3450.0,2026-04-17,37.0,4,0.0,0.0,12401739.05,0.0
2026-03-14,vwap,open_buy,S3,v,DCE.v2605-C-6200,C,6200.0,2026-04-17,385.0,25,0.0,0.0,12401739.05,0.0
2026-03-14,vwap,open_sell,S3,v,DCE.v2605-C-6400,C,6400.0,2026-04-17,326.0,50,0.0,0.0,12401739.05,-0.0315
2026-03-14,vwap,open_buy,S4,v,DCE.v2605-P-4100,P,4100.0,2026-04-17,5.5,5,0.0,0.0,12401739.05,0.0
2026-03-14,vwap,open_buy,S4,v,DCE.v2605-C-6600,C,6600.0,2026-04-17,307.5,1,0.0,0.0,12401739.05,0.0
2026-03-14,vwap,open_buy,S3,i,DCE.i2605-C-840,C,840.0,2026-04-17,11.3,21,0.0,0.0,12401739.05,0.0
2026-03-14,vwap,open_sell,S3,i,DCE.i2605-C-860,C,860.0,2026-04-17,8.7,42,0.0,0.0,12401739.05,0.0035
2026-03-14,vwap,open_sell,S1,i,DCE.i2605-C-900,C,900.0,2026-04-17,5.7,47,0.0,0.0,12401739.05,0.0156
2026-03-14,vwap,open_buy,S1,i,DCE.i2605-C-850,C,850.0,2026-04-17,9.8,23,0.0,0.0,12401739.05,0.0
2026-03-14,vwap,open_buy,S4,i,DCE.i2605-P-540,P,540.0,2026-04-17,0.5,5,0.0,0.0,12401739.05,0.0
2026-03-14,vwap,open_buy,S4,i,DCE.i2605-C-940,C,940.0,2026-04-17,4.0,3,0.0,0.0,12401739.05,0.0
2026-03-14,vwap,open_buy,S3,MO,CFFEX.MO2604-C-8500,C,8500.0,2026-04-17,108.4,1,0.0,0.0,12401739.05,0.0
2026-03-14,vwap,open_sell,S3,MO,CFFEX.MO2604-C-8700,C,8700.0,2026-04-17,60.8,2,0.0,0.0,12401739.05,-0.0062
2026-03-14,vwap,open_sell,S1,MO,CFFEX.MO2604-C-8900,C,8900.0,2026-04-17,35.0,2,0.0,0.0,12401739.05,-0.0044
2026-03-14,vwap,open_buy,S1,MO,CFFEX.MO2604-C-8600,C,8600.0,2026-04-17,83.6,1,0.0,0.0,12401739.05,0.0
2026-03-14,vwap,open_buy,S4,MO,CFFEX.MO2604-P-7100,P,7100.0,2026-04-17,35.4,1,0.0,0.0,12401739.05,0.0
2026-03-14,vwap,open_buy,S4,MO,CFFEX.MO2604-C-9500,C,9500.0,2026-04-17,9.4,1,0.0,0.0,12401739.05,0.0
2026-03-14,vwap,open_buy,S3,jm,DCE.jm2605-C-1240,C,1240.0,2026-04-17,59.5,11,0.0,0.0,12401739.05,0.0
2026-03-14,vwap,open_sell,S3,jm,DCE.jm2605-C-1280,C,1280.0,2026-04-17,56.2,22,0.0,0.0,12401739.05,0.0402
2026-03-14,vwap,open_buy,S4,jm,DCE.jm2605-P-940,P,940.0,2026-04-17,3.7,5,0.0,0.0,12401739.05,0.0
2026-03-14,vwap,open_buy,S4,jm,DCE.jm2605-C-1380,C,1380.0,2026-04-17,36.4,1,0.0,0.0,12401739.05,0.0
2026-03-14,vwap,open_buy,S3,p,DCE.p2605-C-10400,C,10400.0,2026-04-17,279.5,12,0.0,0.0,12401739.05,0.0
2026-03-14,vwap,open_sell,S3,p,DCE.p2605-C-10600,C,10600.0,2026-04-17,248.0,24,0.0,0.0,12401739.05,0.0147
2026-03-14,vwap,open_buy,S4,p,DCE.p2605-P-7000,P,7000.0,2026-04-17,6.0,5,0.0,0.0,12401739.05,0.0
2026-03-14,vwap,open_buy,S4,p,DCE.p2605-C-11400,C,11400.0,2026-04-17,145.0,1,0.0,0.0,12401739.05,0.0
2026-03-14,vwap,open_buy,S3,c,DCE.c2605-C-2500,C,2500.0,2026-04-17,20.0,84,0.0,0.0,12401739.05,0.0
2026-03-14,vwap,open_sell,S3,c,DCE.c2605-C-2560,C,2560.0,2026-04-17,12.0,168,0.0,0.0,12401739.05,0.0033
2026-03-14,vwap,open_sell,S1,c,DCE.c2605-C-2580,C,2580.0,2026-04-17,10.0,174,0.0,0.0,12401739.05,-0.0024
2026-03-14,vwap,open_buy,S1,c,DCE.c2605-C-2500,C,2500.0,2026-04-17,20.0,87,0.0,0.0,12401739.05,0.0
2026-03-14,vwap,open_buy,S4,c,DCE.c2605-P-1920,P,1920.0,2026-04-17,2.0,5,0.0,0.0,12401739.05,0.0
2026-03-14,vwap,open_buy,S4,c,DCE.c2605-C-2640,C,2640.0,2026-04-17,8.5,5,0.0,0.0,12401739.05,0.0
2026-03-14,vwap,open_buy,S3,jd,DCE.jd2605-C-3600,C,3600.0,2026-04-17,30.5,58,0.0,0.0,12401739.05,0.0
2026-03-14,vwap,open_sell,S3,jd,DCE.jd2605-C-3700,C,3700.0,2026-04-17,18.5,116,0.0,0.0,12401739.05,-0.0002
2026-03-14,vwap,open_sell,S1,jd,DCE.jd2605-C-3750,C,3750.0,2026-04-17,14.0,121,0.0,0.0,12401739.05,-0.0031
2026-03-14,vwap,open_buy,S1,jd,DCE.jd2605-C-3600,C,3600.0,2026-04-17,30.5,60,0.0,0.0,12401739.05,0.0
2026-03-14,vwap,open_buy,S4,jd,DCE.jd2605-P-2900,P,2900.0,2026-04-17,3.0,5,0.0,0.0,12401739.05,0.0
2026-03-14,vwap,open_buy,S4,jd,DCE.jd2605-C-4000,C,4000.0,2026-04-17,9.0,5,0.0,0.0,12401739.05,0.0
2026-03-14,vwap,open_buy,S3,eg,DCE.eg2605-C-5100,C,5100.0,2026-04-17,303.0,16,0.0,0.0,12401739.05,0.0
2026-03-14,vwap,open_sell,S3,eg,DCE.eg2605-C-5300,C,5300.0,2026-04-17,259.5,32,0.0,0.0,12401739.05,0.0124
2026-03-14,vwap,open_buy,S4,eg,DCE.eg2605-P-3100,P,3100.0,2026-04-17,8.0,5,0.0,0.0,12401739.05,0.0
2026-03-14,vwap,open_buy,S4,eg,DCE.eg2605-C-5600,C,5600.0,2026-04-17,189.5,1,0.0,0.0,12401739.05,0.0
2026-03-14,vwap,open_buy,S3,b,DCE.b2605-C-4100,C,4100.0,2026-04-17,65.5,39,0.0,0.0,12401739.05,0.0
2026-03-14,vwap,open_sell,S3,b,DCE.b2605-C-4200,C,4200.0,2026-04-17,56.0,78,0.0,0.0,12401739.05,0.0137
2026-03-14,vwap,open_buy,S4,b,DCE.b2605-P-3000,P,3000.0,2026-04-17,3.0,5,0.0,0.0,12401739.05,0.0
2026-03-14,vwap,open_buy,S4,b,DCE.b2605-C-4300,C,4300.0,2026-04-17,45.5,3,0.0,0.0,12401739.05,0.0
2026-03-14,vwap,open_buy,S3,IO,CFFEX.IO2604-C-4900,C,4900.0,2026-04-17,18.6,2,0.0,0.0,12401739.05,0.0
2026-03-14,vwap,open_sell,S3,IO,CFFEX.IO2604-C-5000,C,5000.0,2026-04-17,11.0,4,0.0,0.0,12401739.05,-0.0021
2026-03-14,vwap,open_sell,S1,IO,CFFEX.IO2604-C-4950,C,4950.0,2026-04-17,14.0,4,0.0,0.0,12401739.05,-0.0048
2026-03-14,vwap,open_buy,S1,IO,CFFEX.IO2604-C-4850,C,4850.0,2026-04-17,26.6,2,0.0,0.0,12401739.05,0.0
2026-03-14,vwap,open_buy,S4,IO,CFFEX.IO2604-P-4100,P,4100.0,2026-04-17,11.4,1,0.0,0.0,12401739.05,0.0
2026-03-14,vwap,open_buy,S4,IO,CFFEX.IO2604-C-5300,C,5300.0,2026-04-17,5.6,2,0.0,0.0,12401739.05,0.0
2026-03-14,vwap,open_buy,S3,y,DCE.y2605-C-9200,C,9200.0,2026-04-17,118.5,19,0.0,0.0,12401739.05,0.0
2026-03-14,vwap,open_sell,S3,y,DCE.y2605-C-9400,C,9400.0,2026-04-17,93.0,38,0.0,0.0,12401739.05,0.0067
2026-03-14,vwap,open_sell,S1,y,DCE.y2605-C-9900,C,9900.0,2026-04-17,62.5,43,0.0,0.0,12401739.05,-0.0027
2026-03-14,vwap,open_buy,S1,y,DCE.y2605-C-9400,C,9400.0,2026-04-17,94.0,21,0.0,0.0,12401739.05,0.0
2026-03-14,vwap,open_buy,S4,y,DCE.y2605-P-6800,P,6800.0,2026-04-17,2.5,5,0.0,0.0,12401739.05,0.0
2026-03-14,vwap,open_buy,S4,y,DCE.y2605-C-9900,C,9900.0,2026-04-17,63.5,2,0.0,0.0,12401739.05,0.0
2026-03-14,vwap,open_buy,S3,a,DCE.a2605-C-5200,C,5200.0,2026-04-17,94.5,32,0.0,0.0,12401739.05,0.0
2026-03-14,vwap,open_sell,S3,a,DCE.a2605-C-5400,C,5400.0,2026-04-17,64.5,64,0.0,0.0,12401739.05,0.013
2026-03-14,vwap,open_buy,S4,a,DCE.a2605-P-3400,P,3400.0,2026-04-17,3.0,5,0.0,0.0,12401739.05,0.0
2026-03-14,vwap,open_buy,S4,a,DCE.a2605-C-5400,C,5400.0,2026-04-17,65.5,2,0.0,0.0,12401739.05,0.0
2026-03-14,vwap,open_buy,S3,pg,DCE.pg2605-C-5850,C,5850.0,2026-04-17,383.5832,7,0.0,0.0,12401739.05,0.0
2026-03-14,vwap,open_sell,S3,pg,DCE.pg2605-C-6300,C,6300.0,2026-04-17,260.739,14,0.0,0.0,12401739.05,-0.0201
2026-03-14,vwap,open_buy,S4,pg,DCE.pg2605-P-3400,P,3400.0,2026-04-17,12.8,5,0.0,0.0,12401739.05,0.0
2026-03-14,vwap,open_buy,S4,pg,DCE.pg2605-C-6500,C,6500.0,2026-04-17,206.8066,1,0.0,0.0,12401739.05,0.0
2026-03-14,vwap,open_buy,S3,HO,CFFEX.HO2604-C-3100,C,3100.0,2026-04-17,15.2,3,0.0,0.0,12401739.05,0.0
2026-03-14,vwap,open_sell,S3,HO,CFFEX.HO2604-C-3200,C,3200.0,2026-04-17,6.8,6,0.0,0.0,12401739.05,0.0029
2026-03-14,vwap,open_sell,S1,HO,CFFEX.HO2604-C-3150,C,3150.0,2026-04-17,9.6,7,0.0,0.0,12401739.05,-0.0005
2026-03-14,vwap,open_buy,S1,HO,CFFEX.HO2604-C-3100,C,3100.0,2026-04-17,15.2,3,0.0,0.0,12401739.05,0.0
2026-03-14,vwap,open_buy,S4,HO,CFFEX.HO2604-P-2650,P,2650.0,2026-04-17,8.0,1,0.0,0.0,12401739.05,0.0
2026-03-14,vwap,open_buy,S4,HO,CFFEX.HO2604-C-3450,C,3450.0,2026-04-17,3.4,4,0.0,0.0,12401739.05,0.0
2026-03-14,vwap,open_buy,S3,pp,DCE.pp2605-C-9200,C,9200.0,2026-04-17,545.545,16,0.0,0.0,12401739.05,0.0
2026-03-14,vwap,open_sell,S3,pp,DCE.pp2605-C-9400,C,9400.0,2026-04-17,537.462,32,0.0,0.0,12401739.05,0.0126
2026-03-14,vwap,open_buy,S4,pp,DCE.pp2605-P-5600,P,5600.0,2026-04-17,9.0,5,0.0,0.0,12401739.05,0.0
2026-03-14,vwap,open_buy,S4,pp,DCE.pp2605-C-9800,C,9800.0,2026-04-17,492.5,1,0.0,0.0,12401739.05,0.0
2026-03-14,00:00,greeks_breach_delta,S3,b,DCE.b2605-C-4200,C,4200.0,2026-04-17,56.5,78,468.0,-390.0,12401739.05,0.0137
2026-03-14,00:00,greeks_breach_delta,S3,m,DCE.m2605-C-3350,C,3350.0,2026-04-17,47.0,98,588.0,-490.0,12401739.05,0.0051
2026-03-14,00:00,greeks_breach_delta,S3,p,DCE.p2605-C-10600,C,10600.0,2026-04-17,248.5,24,144.0,-120.0,12401739.05,0.0147
2026-03-14,00:00,greeks_breach_delta,S3,i,DCE.i2605-C-860,C,860.0,2026-04-17,8.8,42,252.0,-420.0,12401739.05,0.0035
2026-03-14,00:00,greeks_breach_delta,S3,a,DCE.a2605-C-5400,C,5400.0,2026-04-17,65.0,64,384.0,-320.0,12401739.05,0.013
2026-03-14,00:00,greeks_breach_delta,S3,y,DCE.y2605-C-9400,C,9400.0,2026-04-17,93.5,38,228.0,-190.0,12401739.05,0.0067
2026-03-14,00:00,greeks_breach_delta,S3,jd,DCE.jd2605-C-3700,C,3700.0,2026-04-17,19.0,116,696.0,-580.0,12401739.05,-0.0002
2026-03-14,00:00,greeks_breach_delta,S3,eg,DCE.eg2605-C-5300,C,5300.0,2026-04-17,260.0,32,192.0,-160.0,12401739.05,0.0124
2026-03-14,00:00,greeks_breach_delta,S3,c,DCE.c2605-C-2560,C,2560.0,2026-04-17,12.5,168,1008.0,-840.0,12401739.05,0.0033
2026-03-14,00:00,greeks_breach_delta,S3,v,DCE.v2605-C-6400,C,6400.0,2026-04-17,326.5,50,300.0,-125.0,12401739.05,-0.0315
2026-03-14,00:00,greeks_breach_delta,S3,pp,DCE.pp2605-C-9400,C,9400.0,2026-04-17,537.9995,32,192.0,-85.99,12401739.05,0.0126
2026-03-14,00:00,greeks_breach_delta,S3,jm,DCE.jm2605-C-1280,C,1280.0,2026-04-17,56.3,22,132.0,-132.0,12401739.05,0.0402
2026-03-14,00:00,greeks_breach_delta,S3,pg,DCE.pg2605-C-6300,C,6300.0,2026-04-17,260.9997,14,84.0,-73.01,12401739.05,-0.0201
2026-03-14,00:00,greeks_breach_delta,S1,c,DCE.c2605-C-2580,C,2580.0,2026-04-17,10.5,174,1044.0,-870.0,12401739.05,-0.0024
2026-03-14,00:00,greeks_breach_delta,S1,i,DCE.i2605-C-900,C,900.0,2026-04-17,5.8,47,282.0,-470.0,12401739.05,0.0156
2026-03-14,00:00,greeks_breach_delta,S1,y,DCE.y2605-C-9900,C,9900.0,2026-04-17,63.0,43,258.0,-215.0,12401739.05,-0.0027
2026-03-14,00:00,greeks_breach_delta,S3,eb,DCE.eb2605-C-11000,C,11000.0,2026-04-17,834.9992,22,132.0,-91.76,12401739.05,0.0187
2026-03-14,00:00,greeks_breach_delta,S1,jd,DCE.jd2605-C-3750,C,3750.0,2026-04-17,14.5,121,726.0,-605.0,12401739.05,-0.0031
2026-03-14,00:00,greeks_breach_delta,S3,MO,CFFEX.MO2604-C-8700,C,8700.0,2026-04-17,61.0,2,12.0,-40.0,12401739.05,-0.0062
2026-03-14,00:00,greeks_breach_delta,S1,HO,CFFEX.HO2604-C-3150,C,3150.0,2026-04-17,9.8,7,42.0,-140.0,12401739.05,-0.0005
2026-03-14,00:00,greeks_breach_delta,S1,IO,CFFEX.IO2604-C-4950,C,4950.0,2026-04-17,14.2,4,24.0,-80.0,12401739.05,-0.0048
2026-03-14,00:00,greeks_breach_delta,S1,MO,CFFEX.MO2604-C-8900,C,8900.0,2026-04-17,35.2,2,12.0,-40.0,12401739.05,-0.0044
2026-03-14,00:00,greeks_breach_delta,S3,IO,CFFEX.IO2604-C-5000,C,5000.0,2026-04-17,11.2,4,24.0,-80.0,12401739.05,-0.0021
2026-03-14,00:00,greeks_breach_delta,S3,HO,CFFEX.HO2604-C-3200,C,3200.0,2026-04-17,7.0,6,36.0,-120.0,12401739.05,0.0029
2026-03-16,close,expiry,S3,eb,DCE.eb2604-C-7800,C,7800.0,2026-03-17,2081.5,36,216.0,355410.0,12387801.29,0.0
2026-03-16,close,expiry,S1,eb,DCE.eb2604-C-8000,C,8000.0,2026-03-17,1798.5,41,246.0,352190.0,12387801.29,0.0
2026-03-16,close,expiry,S3,v,DCE.v2604-C-5200,C,5200.0,2026-03-17,505.5,58,348.0,130645.0,12387801.29,0.0
2026-03-16,close,expiry,S1,v,DCE.v2604-C-5300,C,5300.0,2026-03-17,408.0,61,366.0,112240.0,12387801.29,0.0
2026-03-16,close,expiry,S3,i,DCE.i2604-C-810,C,810.0,2026-03-17,6.6,21,126.0,4830.0,12387801.29,0.0
2026-03-16,close,expiry,S1,i,DCE.i2604-C-810,C,810.0,2026-03-17,6.6,21,126.0,4830.0,12387801.29,0.0
2026-03-16,close,expiry,S3,p,DCE.p2604-C-9300,C,9300.0,2026-03-17,439.0,17,102.0,62390.0,12387801.29,0.0
2026-03-16,close,expiry,S1,p,DCE.p2604-C-9300,C,9300.0,2026-03-17,439.0,17,102.0,62390.0,12387801.29,0.0
2026-03-16,close,expiry,S3,jd,DCE.jd2604-C-3300,C,3300.0,2026-03-17,10.0,48,288.0,-10032.0,12387801.29,0.0
2026-03-16,close,expiry,S1,jd,DCE.jd2604-C-3350,C,3350.0,2026-03-17,2.0,50,300.0,-12239.58,12387801.29,0.0
2026-03-16,close,expiry,S3,jm,DCE.jm2604-C-1100,C,1100.0,2026-03-17,3.1,14,84.0,-28334.25,12387801.29,0.0
2026-03-16,close,expiry,S1,jm,DCE.jm2604-C-1180,C,1180.0,2026-03-17,0.3,20,120.0,-22320.0,12387801.29,0.0
2026-03-16,close,expiry,S3,eg,DCE.eg2604-C-3900,C,3900.0,2026-03-17,964.5,42,252.0,386820.0,12387801.29,0.0
2026-03-16,close,expiry,S3,pp,DCE.pp2604-C-7000,C,7000.0,2026-03-17,1463.0,50,300.0,356375.0,12387801.29,0.0
2026-03-16,close,expiry,S1,pp,DCE.pp2604-C-7000,C,7000.0,2026-03-17,1463.0,50,300.0,356375.0,12387801.29,0.0
2026-03-16,close,expiry,S3,pg,DCE.pg2604-C-4800,C,4800.0,2026-03-17,988.0,12,72.0,216480.0,12387801.29,0.0
2026-03-16,close,expiry,S3,l,DCE.l2604-C-7100,C,7100.0,2026-03-17,1335.0,48,288.0,310920.0,12387801.29,0.0
2026-03-16,close,expiry,S1,l,DCE.l2604-C-7100,C,7100.0,2026-03-17,1335.0,47,282.0,304442.5,12387801.29,0.0
2026-03-17,vwap,open_buy,S3,lh,DCE.lh2605-C-11400,C,11400.0,2026-04-17,209.7581,8,0.0,0.0,12071058.61,0.0
2026-03-17,vwap,open_sell,S3,lh,DCE.lh2605-C-11600,C,11600.0,2026-04-17,165.9639,16,0.0,0.0,12071058.61,-0.0026
2026-03-17,vwap,open_sell,S1,lh,DCE.lh2605-C-12400,C,12400.0,2026-04-17,75.0862,21,0.0,0.0,12071058.61,0.0017
2026-03-17,vwap,open_buy,S1,lh,DCE.lh2605-C-11800,C,11800.0,2026-04-17,140.7292,10,0.0,0.0,12071058.61,0.0
2026-03-17,vwap,open_buy,S4,lh,DCE.lh2605-P-10000,P,10000.0,2026-04-17,79.9889,1,0.0,0.0,12071058.61,0.0
2026-03-17,vwap,open_buy,S4,lh,DCE.lh2605-C-15600,C,15600.0,2026-04-17,22.7914,4,0.0,0.0,12071058.61,0.0
2026-03-17,00:00,greeks_breach_delta,S3,lh,DCE.lh2605-C-11600,C,11600.0,2026-04-17,168.4639,16,96.0,-640.0,12071058.61,-0.0026
2026-03-17,00:00,greeks_breach_delta,S1,lh,DCE.lh2605-C-12400,C,12400.0,2026-04-17,77.5862,21,126.0,-840.0,12071058.61,0.0017
2026-03-18,vwap,open_buy,S3,cs,DCE.cs2605-C-2850,C,2850.0,2026-04-17,10.0,83,0.0,0.0,12010431.29,0.0
2026-03-18,vwap,open_sell,S3,cs,DCE.cs2605-C-2950,C,2950.0,2026-04-17,4.0,166,0.0,0.0,12010431.29,0.0056
2026-03-18,vwap,open_sell,S1,cs,DCE.cs2605-C-2900,C,2900.0,2026-04-17,5.0,164,0.0,0.0,12010431.29,-0.0017
2026-03-18,vwap,open_buy,S1,cs,DCE.cs2605-C-2800,C,2800.0,2026-04-17,16.0,82,0.0,0.0,12010431.29,0.0
2026-03-18,vwap,open_buy,S4,cs,DCE.cs2605-P-2200,P,2200.0,2026-04-17,1.5,5,0.0,0.0,12010431.29,0.0
2026-03-18,vwap,open_buy,S4,cs,DCE.cs2605-C-3000,C,3000.0,2026-04-17,4.0147,5,0.0,0.0,12010431.29,0.0
2026-03-18,00:00,greeks_breach_delta,S1,cs,DCE.cs2605-C-2900,C,2900.0,2026-04-17,5.5,164,984.0,-820.0,12010431.29,-0.0017
2026-03-18,00:00,greeks_breach_delta,S3,cs,DCE.cs2605-C-2950,C,2950.0,2026-04-17,4.5,166,996.0,-830.0,12010431.29,0.0056
2026-03-19,close,expiry,S3,MO,CFFEX.MO2603-C-8600,C,8600.0,2026-03-20,0.2,1,6.0,-9549.13,12050967.06,0.0
2026-03-19,close,expiry,S1,MO,CFFEX.MO2603-C-8700,C,8700.0,2026-03-20,0.4,1,6.0,-7316.61,12050967.06,0.0
2026-03-19,close,expiry,S3,IO,CFFEX.IO2603-C-4850,C,4850.0,2026-03-20,0.2,1,6.0,-2318.17,12050967.06,0.0
2026-03-19,close,expiry,S1,IO,CFFEX.IO2603-C-4850,C,4850.0,2026-03-20,0.2,1,6.0,-2318.17,12050967.06,0.0
2026-03-19,close,expiry,S3,HO,CFFEX.HO2603-C-3150,C,3150.0,2026-03-20,0.2,2,12.0,-3660.29,12050967.06,0.0
2026-03-19,close,expiry,S1,HO,CFFEX.HO2603-C-3150,C,3150.0,2026-03-20,0.2,2,12.0,-3660.29,12050967.06,0.0
2026-03-30,close,s4_dte_exit,S4,lc,GFEX.lc2605-P-52000,P,52000.0,2026-04-08,10.0,5,30.0,-357.21,12110299.56,0.0
2026-03-30,close,s4_dte_exit,S4,lc,GFEX.lc2605-C-212000,C,212000.0,2026-04-08,660.0,1,6.0,-3338.66,12110299.56,0.0
2026-03-30,close,s4_dte_exit,S4,si,GFEX.si2605-P-6700,P,6700.0,2026-04-08,1.0,5,30.0,-95.83,12110299.56,0.0
2026-03-30,close,s4_dte_exit,S4,si,GFEX.si2605-C-11000,C,11000.0,2026-04-08,3.0,5,30.0,-904.81,12110299.56,0.0
2026-03-30,close,s4_dte_exit,S4,ps,GFEX.ps2605-P-28000,P,28000.0,2026-04-08,11.0,5,30.0,-306.21,12110299.56,0.0
2026-03-30,close,s4_dte_exit,S4,ps,GFEX.ps2605-C-70000,C,70000.0,2026-04-08,10.0,5,30.0,-1265.2,12110299.56,0.0
